※データは速報値であり、推計値などが含まれます,,,,,,,,,,,,,
※データは過去にさかのぼり修正する場合があります,,,,,,,,,,,,,
※四捨五入の関係で合計が合わないことがあります,,,,,,,,,,,,,
※例えば、0:00の実績値は、0時00分から1時00分までの1時間平均値を示します,,,,,,,,,,,,,
,,エリア需要,原子力,火力,水力,地熱,バイオマス,太陽光実績,太陽光抑制量,風力実績,風力抑制量,揚水,連系線
DATE,TIME,MWh,MWh,MWh,MWh,MWh,MWh,MWh,MWh,MWh,MWh,MWh,MWh
2024/3/1,0:00,3286,0,1752,807,,63,0,0,15,0,0,650
2024/3/1,1:00,3330,0,1781,809,,63,0,0,11,0,0,667
2024/3/1,2:00,3511,0,1884,921,,63,0,0,7,0,0,638
2024/3/1,3:00,3609,0,1961,949,,62,0,0,5,0,0,633
2024/3/1,4:00,3596,0,1942,964,,63,0,0,6,0,0,622
2024/3/1,5:00,3551,0,1816,1019,,62,0,0,3,0,1,652
2024/3/1,6:00,3618,0,1785,1033,,63,1,0,6,0,50,682
2024/3/1,7:00,3679,0,1769,1175,,63,19,0,9,0,49,596
2024/3/1,8:00,3919,0,1792,1084,,63,72,0,7,0,0,901
2024/3/1,9:00,4005,0,1713,999,,62,235,0,14,0,0,983
2024/3/1,10:00,3940,0,1538,937,,63,407,0,10,0,0,985
2024/3/1,11:00,3858,0,1445,915,,62,520,0,13,0,0,904
2024/3/1,12:00,3611,0,1239,770,,63,558,0,15,0,0,967
2024/3/1,13:00,3697,0,1356,791,,63,425,0,32,0,0,1032
2024/3/1,14:00,3714,0,1443,795,,63,357,0,45,0,0,1012
2024/3/1,15:00,3707,0,1517,795,,62,219,0,47,0,0,1067
2024/3/1,16:00,3794,0,1642,931,,63,57,0,56,0,3,1043
2024/3/1,17:00,3779,0,1879,935,,63,9,0,58,0,90,745
2024/3/1,18:00,3784,0,2002,1139,,63,0,0,58,0,90,432
2024/3/1,19:00,3696,0,2004,1107,,62,0,0,54,0,20,450
2024/3/1,20:00,3621,0,2005,1058,,63,0,0,51,0,0,445
2024/3/1,21:00,3534,0,1952,872,,62,0,0,56,0,0,593
2024/3/1,22:00,3546,0,1764,928,,63,0,0,58,0,0,733
2024/3/1,23:00,3581,0,1735,991,,62,0,0,59,0,0,735
2024/3/2,0:00,3534,0,1768,1025,,63,0,0,57,0,0,622
2024/3/2,1:00,3597,0,1874,1032,,64,0,0,58,0,0,570
2024/3/2,2:00,3770,0,1982,996,,63,0,0,49,0,0,681
2024/3/2,3:00,3827,0,1986,953,,63,0,0,38,0,0,788
2024/3/2,4:00,3783,0,1981,1062,,64,0,0,35,0,0,642
2024/3/2,5:00,3713,0,1982,994,,62,0,0,40,0,0,635
2024/3/2,6:00,3675,0,1985,1127,,62,2,0,42,0,0,457
2024/3/2,7:00,3698,0,1969,1192,,63,44,0,35,0,0,395
2024/3/2,8:00,3895,0,1968,1011,,62,109,0,26,0,0,719
2024/3/2,9:00,4008,0,1959,880,,62,185,0,29,0,0,893
2024/3/2,10:00,3902,0,1735,862,,63,368,0,24,0,0,851
2024/3/2,11:00,3795,0,1721,781,,62,523,0,13,0,0,696
2024/3/2,12:00,3606,0,1662,756,,62,570,0,23,0,0,533
2024/3/2,13:00,3488,0,1408,860,,62,533,0,13,0,0,613
2024/3/2,14:00,3406,0,1351,799,,63,441,0,18,0,0,735
2024/3/2,15:00,3368,0,1597,803,,62,239,0,21,0,0,647
2024/3/2,16:00,3492,0,1917,873,,63,76,0,20,0,26,518
2024/3/2,17:00,3663,0,1947,962,,63,12,0,31,0,89,559
2024/3/2,18:00,3772,0,1968,1055,,63,0,0,33,0,90,564
2024/3/2,19:00,3715,0,1969,1027,,62,0,0,25,0,90,544
2024/3/2,20:00,3616,0,1983,1014,,62,0,0,16,0,90,452
2024/3/2,21:00,3463,0,1901,946,,63,0,0,17,0,18,519
2024/3/2,22:00,3391,0,1843,957,,62,0,0,18,0,0,511
2024/3/2,23:00,3384,0,1833,918,,64,0,0,20,0,0,551
2024/3/3,0:00,3320,0,1893,938,,63,0,0,19,0,0,408
2024/3/3,1:00,3370,0,1974,963,,63,0,0,24,0,0,347
2024/3/3,2:00,3507,0,1984,1029,,63,0,0,31,0,0,401
2024/3/3,3:00,3570,0,1984,1037,,63,0,0,28,0,0,459
2024/3/3,4:00,3503,0,1984,1001,,64,0,0,35,0,0,421
2024/3/3,5:00,3383,0,1986,983,,63,0,0,43,0,0,309
2024/3/3,6:00,3276,0,1983,1070,,63,6,0,47,0,0,107
2024/3/3,7:00,3267,0,1985,1065,,62,72,0,47,0,0,36
2024/3/3,8:00,3307,0,1877,773,,63,214,0,44,0,0,336
2024/3/3,9:00,3268,0,1668,710,,63,270,0,35,0,0,522
2024/3/3,10:00,3121,0,1505,721,,63,364,0,40,0,0,428
2024/3/3,11:00,3013,0,1380,705,,62,459,0,45,0,0,363
2024/3/3,12:00,2963,0,1444,732,,63,491,0,40,0,0,194
2024/3/3,13:00,2991,0,1611,761,,63,221,0,46,0,0,289
2024/3/3,14:00,3018,0,1632,693,,63,101,0,39,0,0,492
2024/3/3,15:00,3110,0,1626,821,,62,50,0,40,0,0,511
2024/3/3,16:00,3221,0,1831,912,,64,39,0,34,0,0,342
2024/3/3,17:00,3349,0,1938,980,,63,17,0,32,0,26,293
2024/3/3,18:00,3438,0,1951,1096,,63,0,0,22,0,50,257
2024/3/3,19:00,3413,0,1952,1062,,63,0,0,24,0,50,263
2024/3/3,20:00,3355,0,1952,1022,,63,0,0,19,0,27,273
2024/3/3,21:00,3224,0,1950,910,,62,0,0,17,0,0,285
2024/3/3,22:00,3122,0,1935,810,,63,0,0,26,0,0,289
2024/3/3,23:00,3111,0,1945,789,,63,0,0,16,0,0,299
2024/3/4,0:00,3107,0,1931,739,,64,0,0,11,0,0,363
2024/3/4,1:00,3188,0,1969,822,,64,0,0,12,0,0,324
2024/3/4,2:00,3369,0,1967,1013,,64,0,0,10,0,0,316
2024/3/4,3:00,3493,0,1967,1017,,64,0,0,15,0,0,432
2024/3/4,4:00,3496,0,1976,1002,,63,0,0,12,0,0,445
2024/3/4,5:00,3493,0,1982,970,,63,0,0,11,0,1,466
2024/3/4,6:00,3627,0,1992,1040,,64,2,0,12,0,50,469
2024/3/4,7:00,3775,0,2000,1070,,63,33,0,10,0,0,599
2024/3/4,8:00,4101,0,1993,1095,,62,119,0,10,0,0,823
2024/3/4,9:00,4250,0,1981,833,,64,282,0,13,0,0,1078
2024/3/4,10:00,4098,0,1860,692,,63,398,0,14,0,0,1072
2024/3/4,11:00,4054,0,1828,729,,62,608,0,16,0,0,812
2024/3/4,12:00,3787,0,1687,667,,64,611,0,20,0,0,739
2024/3/4,13:00,3861,0,1629,651,,62,644,0,16,0,0,861
2024/3/4,14:00,3766,0,1604,690,,63,482,0,14,0,0,914
2024/3/4,15:00,3735,0,1788,779,,62,316,0,14,0,0,776
2024/3/4,16:00,3762,0,1944,1011,,63,168,0,11,0,0,566
2024/3/4,17:00,3760,0,1957,966,,64,29,0,6,0,3,738
2024/3/4,18:00,3840,0,1969,983,,62,0,0,3,0,89,734
2024/3/4,19:00,3771,0,1968,980,,63,0,0,2,0,89,671
2024/3/4,20:00,3699,0,1970,968,,64,0,0,1,0,90,607
2024/3/4,21:00,3552,0,1949,846,,63,0,0,1,0,34,660
2024/3/4,22:00,3490,0,1961,752,,62,0,0,1,0,0,716
2024/3/4,23:00,3433,0,1834,655,,63,0,0,2,0,0,880
2024/3/5,0:00,3351,0,1872,696,,64,0,0,3,0,0,718
2024/3/5,1:00,3443,0,1901,782,,62,0,0,2,0,0,696
2024/3/5,2:00,3619,0,1952,831,,64,0,0,3,0,0,770
2024/3/5,3:00,3697,0,1973,798,,64,0,0,5,0,0,858
2024/3/5,4:00,3695,0,1965,814,,62,0,0,14,0,0,841
2024/3/5,5:00,3690,0,1918,845,,63,0,0,16,0,0,849
2024/3/5,6:00,3789,0,1948,866,,63,11,0,15,0,0,887
2024/3/5,7:00,3825,0,1964,905,,63,90,0,15,0,1,788
2024/3/5,8:00,4066,0,1937,915,,64,185,0,17,0,50,900
2024/3/5,9:00,4226,0,1964,960,,63,218,0,18,0,0,1003
2024/3/5,10:00,4161,0,1967,958,,63,245,0,13,0,0,916
2024/3/5,11:00,4088,0,1966,836,,63,211,0,8,0,0,1003
2024/3/5,12:00,3853,0,1968,670,,62,226,0,12,0,0,915
2024/3/5,13:00,4011,0,1967,819,,63,146,0,15,0,0,1001
2024/3/5,14:00,4049,0,1961,841,,63,76,0,11,0,0,1099
2024/3/5,15:00,4075,0,1953,853,,64,40,0,14,0,2,1150
2024/3/5,16:00,4140,0,1954,943,,63,15,0,21,0,89,1056
2024/3/5,17:00,4115,0,1956,980,,62,2,0,24,0,88,1003
2024/3/5,18:00,4127,0,1956,1018,,63,0,0,29,0,88,973
2024/3/5,19:00,4007,0,1955,942,,62,0,0,37,0,80,932
2024/3/5,20:00,3887,0,1960,815,,63,0,0,45,0,0,1005
2024/3/5,21:00,3728,0,1960,799,,62,0,0,44,0,0,863
2024/3/5,22:00,3632,0,1956,770,,63,0,0,36,0,0,808
2024/3/5,23:00,3570,0,1957,739,,62,0,0,34,0,0,779
2024/3/6,0:00,3430,0,1951,728,,64,0,0,33,0,0,656
2024/3/6,1:00,3480,0,1951,753,,64,0,0,43,0,0,669
2024/3/6,2:00,3629,0,1955,808,,64,0,0,46,0,0,757
2024/3/6,3:00,3716,0,1952,908,,64,0,0,40,0,0,755
2024/3/6,4:00,3685,0,1951,900,,63,0,0,37,0,0,736
2024/3/6,5:00,3639,0,1953,826,,63,0,0,42,0,0,755
2024/3/6,6:00,3715,0,1952,904,,63,2,0,39,0,0,756
2024/3/6,7:00,3805,0,1949,965,,58,17,0,39,0,0,777
2024/3/6,8:00,4094,0,1950,1051,,56,53,0,38,0,0,947
2024/3/6,9:00,4278,0,1955,1123,,55,131,0,39,0,0,975
2024/3/6,10:00,4221,0,1954,1028,,55,195,0,41,0,0,950
2024/3/6,11:00,4171,0,1953,793,,56,227,0,43,0,0,1100
2024/3/6,12:00,3931,0,1954,734,,55,239,0,45,0,0,904
2024/3/6,13:00,4086,0,1954,762,,55,211,0,44,0,0,1060
2024/3/6,14:00,4110,0,1953,749,,55,167,0,45,0,0,1142
2024/3/6,15:00,4068,0,1951,795,,56,112,0,43,0,0,1112
2024/3/6,16:00,4080,0,1952,966,,62,67,0,39,0,2,993
2024/3/6,17:00,3999,0,1953,970,,63,17,0,32,0,88,878
2024/3/6,18:00,4022,0,1952,1038,,63,0,0,32,0,88,850
2024/3/6,19:00,3910,0,1954,979,,63,0,0,37,0,88,791
2024/3/6,20:00,3798,0,1954,880,,62,0,0,29,0,80,794
2024/3/6,21:00,3644,0,1924,793,,62,0,0,26,0,6,833
2024/3/6,22:00,3555,0,1956,782,,63,0,0,29,0,0,726
2024/3/6,23:00,3475,0,1889,708,,63,0,0,30,0,0,787
2024/3/7,0:00,3400,0,1756,791,,62,0,0,24,0,0,767
2024/3/7,1:00,3433,0,1747,863,,63,0,0,20,0,0,742
2024/3/7,2:00,3628,0,1934,913,,62,0,0,21,0,0,699
2024/3/7,3:00,3741,0,1957,952,,63,0,0,23,0,0,747
2024/3/7,4:00,3693,0,1958,862,,60,0,0,19,0,0,795
2024/3/7,5:00,3679,0,1959,908,,61,0,0,18,0,0,733
2024/3/7,6:00,3762,0,1957,997,,63,16,0,22,0,0,709
2024/3/7,7:00,3752,0,1945,881,,62,167,0,21,0,0,677
2024/3/7,8:00,3930,0,1857,911,,62,399,0,20,0,0,682
2024/3/7,9:00,4047,0,1505,857,,62,604,0,21,0,0,998
2024/3/7,10:00,3985,0,1496,817,,67,653,0,23,0,0,930
2024/3/7,11:00,3945,0,1544,739,,68,652,0,22,0,0,921
2024/3/7,12:00,3698,0,1511,626,,67,518,0,22,0,0,955
2024/3/7,13:00,3791,0,1598,644,,68,401,0,19,0,0,1063
2024/3/7,14:00,3857,0,1666,655,,67,317,0,19,0,0,1134
2024/3/7,15:00,3844,0,1782,676,,67,171,0,18,0,0,1131
2024/3/7,16:00,3888,0,1840,793,,67,96,0,13,0,3,1076
2024/3/7,17:00,3864,0,1919,874,,68,21,0,7,0,88,889
2024/3/7,18:00,3901,0,1937,926,,67,0,0,8,0,88,876
2024/3/7,19:00,3800,0,1920,939,,67,0,0,7,0,87,780
2024/3/7,20:00,3697,0,1903,1003,,67,0,0,4,0,86,634
2024/3/7,21:00,3560,0,1751,968,,68,0,0,3,0,0,770
2024/3/7,22:00,3481,0,1717,870,,67,0,0,2,0,0,825
2024/3/7,23:00,3429,0,1764,774,,68,0,0,2,0,0,821
2024/3/8,0:00,3376,0,1755,638,,69,0,0,3,0,0,913
2024/3/8,1:00,3461,0,1824,669,,67,0,0,6,0,0,895
2024/3/8,2:00,3651,0,1830,824,,68,0,0,5,0,0,926
2024/3/8,3:00,3761,0,1858,951,,69,0,0,5,0,0,879
2024/3/8,4:00,3741,0,1807,954,,67,0,0,7,0,0,907
2024/3/8,5:00,3765,0,1823,950,,68,0,0,11,0,0,913
2024/3/8,6:00,3861,0,1869,1025,,67,20,0,14,0,0,867
2024/3/8,7:00,3850,0,1820,1020,,68,149,0,11,0,0,782
2024/3/8,8:00,4027,0,1701,914,,67,290,0,6,0,0,1049
2024/3/8,9:00,4058,0,1553,794,,68,519,0,4,0,0,1122
2024/3/8,10:00,3952,0,1574,673,,68,561,0,5,0,0,1071
2024/3/8,11:00,3855,0,1554,542,,67,536,0,16,0,0,1142
2024/3/8,12:00,3663,0,1447,536,,67,431,0,28,0,0,1154
2024/3/8,13:00,3875,0,1768,547,,67,314,0,20,0,0,1160
2024/3/8,14:00,3810,0,1720,549,,68,328,0,12,0,0,1134
2024/3/8,15:00,3809,0,1847,695,,67,253,0,15,0,0,932
2024/3/8,16:00,3864,0,1947,815,,67,112,0,21,0,0,902
2024/3/8,17:00,3865,0,1953,844,,68,21,0,19,0,45,915
2024/3/8,18:00,3884,0,1948,964,,67,0,0,19,0,87,799
2024/3/8,19:00,3784,0,1953,932,,67,0,0,22,0,87,724
2024/3/8,20:00,3675,0,1961,879,,66,0,0,34,0,33,703
2024/3/8,21:00,3553,0,1963,794,,64,0,0,41,0,0,692
2024/3/8,22:00,3485,0,1896,715,,64,0,0,39,0,0,771
2024/3/8,23:00,3458,0,1929,661,,63,0,0,42,0,0,763
2024/3/9,0:00,3406,0,1959,743,,64,0,0,48,0,0,594
2024/3/9,1:00,3492,0,1952,733,,64,0,0,46,0,0,698
2024/3/9,2:00,3601,0,1943,732,,64,0,0,44,0,0,819
2024/3/9,3:00,3633,0,1941,879,,63,0,0,44,0,0,707
2024/3/9,4:00,3572,0,1839,960,,63,0,0,42,0,0,668
2024/3/9,5:00,3492,0,1864,972,,64,0,0,43,0,0,551
2024/3/9,6:00,3358,0,1730,993,,63,13,0,39,0,0,521
2024/3/9,7:00,3369,0,1647,970,,63,72,0,45,0,0,573
2024/3/9,8:00,3539,0,1490,858,,64,165,0,37,0,0,926
2024/3/9,9:00,3754,0,1675,823,,63,236,0,36,0,0,923
2024/3/9,10:00,3708,0,1714,567,,62,422,0,40,0,0,905
2024/3/9,11:00,3534,0,1544,480,,63,521,0,46,0,0,881
2024/3/9,12:00,3433,0,1571,471,,64,557,0,44,0,0,727
2024/3/9,13:00,3358,0,1403,521,,62,540,0,34,0,0,799
2024/3/9,14:00,3305,0,1455,514,,64,390,0,41,0,0,841
2024/3/9,15:00,3273,0,1577,506,,63,281,0,46,0,0,801
2024/3/9,16:00,3381,0,1892,649,,63,149,0,41,0,0,587
2024/3/9,17:00,3527,0,1881,881,,62,29,0,47,0,0,628
2024/3/9,18:00,3615,0,1952,958,,63,0,0,37,0,0,606
2024/3/9,19:00,3653,0,1968,968,,63,0,0,32,0,0,623
2024/3/9,20:00,3599,0,1968,855,,63,0,0,30,0,0,683
2024/3/9,21:00,3461,0,1968,843,,63,0,0,23,0,0,565
2024/3/9,22:00,3369,0,1896,721,,63,0,0,31,0,0,659
2024/3/9,23:00,3350,0,1845,659,,63,0,0,23,0,0,760
2024/3/10,0:00,3275,0,1770,726,,62,0,0,32,0,0,686
2024/3/10,1:00,3309,0,1779,771,,62,0,0,28,0,0,671
2024/3/10,2:00,3481,0,1781,832,,62,0,0,21,0,0,787
2024/3/10,3:00,3541,0,1786,877,,62,0,0,33,0,0,784
2024/3/10,4:00,3516,0,1832,915,,63,0,0,30,0,0,677
2024/3/10,5:00,3382,0,1866,878,,62,0,0,25,0,0,552
2024/3/10,6:00,3254,0,1878,786,,62,9,0,15,0,0,506
2024/3/10,7:00,3176,0,1577,636,,62,63,0,10,0,0,829
2024/3/10,8:00,3234,0,1406,660,,61,183,0,7,0,0,918
2024/3/10,9:00,3302,0,1442,567,,61,331,0,7,0,0,895
2024/3/10,10:00,3172,0,1376,507,,62,443,0,5,0,0,780
2024/3/10,11:00,3032,0,1419,496,,61,481,0,6,0,0,571
2024/3/10,12:00,2967,0,1307,466,,62,466,0,3,0,0,664
2024/3/10,13:00,2866,0,1036,438,,62,506,0,3,0,0,822
2024/3/10,14:00,2803,0,1053,451,,62,434,0,2,0,0,803
2024/3/10,15:00,2845,0,1114,485,,62,316,0,3,0,0,867
2024/3/10,16:00,2926,0,1305,632,,62,157,0,3,0,0,770
2024/3/10,17:00,3163,0,1664,753,,62,31,0,2,0,0,652
2024/3/10,18:00,3346,0,1825,805,,62,0,0,2,0,0,654
2024/3/10,19:00,3362,0,1949,885,,61,0,0,2,0,0,466
2024/3/10,20:00,3335,0,1954,819,,62,0,0,3,0,0,499
2024/3/10,21:00,3236,0,1958,618,,62,0,0,4,0,0,595
2024/3/10,22:00,3152,0,1878,542,,62,0,0,5,0,0,666
2024/3/10,23:00,3188,0,1918,518,,62,0,0,6,0,0,685
2024/3/11,0:00,3166,0,1896,525,,63,0,0,8,0,0,675
2024/3/11,1:00,3240,0,1947,546,,62,0,0,11,0,0,675
2024/3/11,2:00,3406,0,1955,699,,62,0,0,14,0,0,677
2024/3/11,3:00,3511,0,1943,768,,62,0,0,18,0,0,721
2024/3/11,4:00,3541,0,1819,846,,62,0,0,20,0,0,794
2024/3/11,5:00,3592,0,1937,870,,62,0,0,16,0,2,705
2024/3/11,6:00,3763,0,1966,916,,62,30,0,14,0,89,686
2024/3/11,7:00,3774,0,1882,764,,61,227,0,12,0,44,786
2024/3/11,8:00,3929,0,1814,639,,62,498,0,9,0,0,909
2024/3/11,9:00,3980,0,1749,544,,62,758,0,5,0,0,862
2024/3/11,10:00,3853,0,1443,523,,62,940,0,6,0,0,881
2024/3/11,11:00,3769,0,1345,502,,62,1027,0,8,0,0,826
2024/3/11,12:00,3511,0,1223,508,,63,912,0,6,0,0,800
2024/3/11,13:00,3545,0,1224,541,,61,719,0,7,0,0,995
2024/3/11,14:00,3511,0,1408,564,,62,634,0,5,0,0,839
2024/3/11,15:00,3492,0,1673,663,,62,368,0,3,0,0,724
2024/3/11,16:00,3568,0,1892,705,,61,146,0,1,0,0,764
2024/3/11,17:00,3586,0,1967,656,,62,26,0,2,0,3,871
2024/3/11,18:00,3667,0,1977,720,,62,0,0,5,0,88,816
2024/3/11,19:00,3586,0,1968,714,,62,0,0,5,0,76,761
2024/3/11,20:00,3491,0,1969,684,,62,0,0,11,0,0,766
2024/3/11,21:00,3371,0,1970,612,,62,0,0,11,0,0,717
2024/3/11,22:00,3304,0,1943,593,,62,0,0,18,0,0,689
2024/3/11,23:00,3191,0,1833,582,,62,0,0,17,0,0,698
2024/3/12,0:00,3060,0,1735,592,,63,0,0,13,0,0,658
2024/3/12,1:00,3121,0,1642,692,,62,0,0,7,0,0,719
2024/3/12,2:00,3331,0,1877,678,,63,0,0,7,0,0,707
2024/3/12,3:00,3478,0,1940,729,,62,0,0,13,0,0,735
2024/3/12,4:00,3528,0,2004,757,,62,0,0,9,0,0,697
2024/3/12,5:00,3520,0,2015,700,,63,0,0,3,0,0,739
2024/3/12,6:00,3540,0,2017,740,,61,3,0,2,0,0,719
2024/3/12,7:00,3595,0,2008,824,,62,15,0,1,0,0,686
2024/3/12,8:00,3923,0,2013,965,,62,32,0,0,0,0,852
2024/3/12,9:00,4138,0,2101,1016,,61,40,0,3,0,0,918
2024/3/12,10:00,4153,0,2178,798,,62,44,0,4,0,0,1068
2024/3/12,11:00,4133,0,2178,696,,61,45,0,7,0,0,1147
2024/3/12,12:00,3950,0,2083,617,,62,41,0,11,0,0,1138
2024/3/12,13:00,4114,0,2167,682,,61,39,0,10,0,0,1155
2024/3/12,14:00,4115,0,2141,676,,62,66,0,7,0,0,1166
2024/3/12,15:00,4081,0,2076,712,,61,78,0,8,0,0,1147
2024/3/12,16:00,4116,0,2095,761,,61,58,0,8,0,0,1135
2024/3/12,17:00,4042,0,2057,819,,62,8,0,5,0,46,1045
2024/3/12,18:00,4045,0,2024,903,,61,0,0,4,0,88,966
2024/3/12,19:00,3912,0,2027,811,,61,0,0,5,0,88,920
2024/3/12,20:00,3778,0,1985,670,,62,0,0,3,0,80,978
2024/3/12,21:00,3620,0,1864,692,,61,0,0,2,0,0,1001
2024/3/12,22:00,3484,0,1840,747,,62,0,0,5,0,0,831
2024/3/12,23:00,3403,0,1753,755,,61,0,0,35,0,0,801
2024/3/13,0:00,3289,0,1707,788,,63,0,0,42,0,0,690
2024/3/13,1:00,3350,0,1783,808,,62,0,0,45,0,0,654
2024/3/13,2:00,3499,0,1846,806,,62,0,0,42,0,0,744
2024/3/13,3:00,3591,0,1923,823,,62,0,0,47,0,0,737
2024/3/13,4:00,3621,0,1992,803,,62,0,0,44,0,0,721
2024/3/13,5:00,3605,0,2066,825,,63,0,0,45,0,0,607
2024/3/13,6:00,3685,0,2174,975,,62,16,0,45,0,0,415
2024/3/13,7:00,3707,0,2066,790,,62,104,0,47,0,0,639
2024/3/13,8:00,3926,0,2093,753,,62,252,0,40,0,0,727
2024/3/13,9:00,4045,0,2191,705,,61,350,0,25,0,0,715
2024/3/13,10:00,4008,0,2163,756,,62,440,0,15,0,0,574
2024/3/13,11:00,3981,0,2082,664,,61,407,0,21,0,0,746
2024/3/13,12:00,3724,0,1873,555,,62,438,0,14,0,0,782
2024/3/13,13:00,3830,0,1670,596,,61,613,0,12,0,0,879
2024/3/13,14:00,3787,0,1535,646,,61,630,0,8,0,0,909
2024/3/13,15:00,3739,0,1581,708,,61,436,0,5,0,0,950
2024/3/13,16:00,3763,0,1757,737,,61,243,0,1,0,0,965
2024/3/13,17:00,3724,0,1910,750,,62,55,0,1,0,2,946
2024/3/13,18:00,3825,0,1959,894,,61,1,0,2,0,87,822
2024/3/13,19:00,3791,0,1975,878,,61,0,0,4,0,87,788
2024/3/13,20:00,3715,0,1974,886,,61,0,0,6,0,76,713
2024/3/13,21:00,3601,0,1965,730,,61,0,0,10,0,0,836
2024/3/13,22:00,3516,0,1974,655,,61,0,0,16,0,0,810
2024/3/13,23:00,3499,0,1977,640,,62,0,0,23,0,0,798
2024/3/14,0:00,3400,0,1958,655,,61,0,0,27,0,0,701
2024/3/14,1:00,3463,0,1938,735,,61,0,0,29,0,0,702
2024/3/14,2:00,3620,0,1969,783,,61,0,0,33,0,0,776
2024/3/14,3:00,3711,0,1973,903,,62,0,0,37,0,0,737
2024/3/14,4:00,3662,0,1970,810,,61,0,0,36,0,0,786
2024/3/14,5:00,3638,0,1972,778,,61,0,0,40,0,0,788
2024/3/14,6:00,3738,0,1980,847,,62,31,0,39,0,0,780
2024/3/14,7:00,3692,0,1911,782,,60,177,0,39,0,0,724
2024/3/14,8:00,3844,0,1823,785,,60,269,0,34,0,0,874
2024/3/14,9:00,3915,0,1707,616,,60,511,0,30,0,0,992
2024/3/14,10:00,3831,0,1530,637,,60,687,0,33,0,0,886
2024/3/14,11:00,3774,0,1609,604,,60,768,0,39,0,0,696
2024/3/14,12:00,3540,0,1557,558,,60,770,0,40,0,0,556
2024/3/14,13:00,3585,0,1469,522,,61,794,0,33,0,0,707
2024/3/14,14:00,3531,0,1514,533,,60,670,0,26,0,0,728
2024/3/14,15:00,3485,0,1642,603,,60,509,0,20,0,0,651
2024/3/14,16:00,3504,0,1732,646,,61,270,0,17,0,0,779
2024/3/14,17:00,3476,0,1821,694,,61,60,0,13,0,46,783
2024/3/14,18:00,3579,0,1946,883,,60,1,0,12,0,87,591
2024/3/14,19:00,3508,0,1954,829,,61,0,0,12,0,16,638
2024/3/14,20:00,3444,0,1947,801,,61,0,0,14,0,0,622
2024/3/14,21:00,3347,0,1934,706,,60,0,0,17,0,0,631
2024/3/14,22:00,3261,0,1877,582,,62,0,0,22,0,0,719
2024/3/14,23:00,3193,0,1844,544,,61,0,0,21,0,0,724
2024/3/15,0:00,3112,0,1781,603,,61,0,0,19,0,0,649
2024/3/15,1:00,3218,0,1686,618,,62,0,0,16,0,0,836
2024/3/15,2:00,3393,0,1856,697,,61,0,0,19,0,0,762
2024/3/15,3:00,3531,0,1936,758,,61,0,0,20,0,0,758
2024/3/15,4:00,3559,0,1795,847,,62,0,0,21,0,0,836
2024/3/15,5:00,3555,0,1740,931,,61,0,0,21,0,0,802
2024/3/15,6:00,3576,0,1795,982,,61,38,0,25,0,0,678
2024/3/15,7:00,3484,0,1661,772,,61,219,0,25,0,0,746
2024/3/15,8:00,3585,0,1403,746,,61,493,0,28,0,0,855
2024/3/15,9:00,3644,0,1280,595,,61,755,0,31,0,0,924
2024/3/15,10:00,3547,0,1121,591,,61,936,0,33,0,0,806
2024/3/15,11:00,3485,0,1204,556,,62,1040,0,40,0,0,584
2024/3/15,12:00,3256,0,1146,452,,63,1057,0,44,0,0,495
2024/3/15,13:00,3319,0,1150,469,,61,978,0,47,0,0,615
2024/3/15,14:00,3268,0,1204,545,,61,812,0,44,0,0,602
2024/3/15,15:00,3212,0,1220,666,,62,568,0,40,0,0,658
2024/3/15,16:00,3226,0,1466,764,,62,292,0,33,0,1,610
2024/3/15,17:00,3191,0,1705,833,,61,66,0,33,0,50,444
2024/3/15,18:00,3271,0,1897,941,,61,1,0,28,0,50,295
2024/3/15,19:00,3228,0,1895,891,,62,0,0,24,0,49,308
2024/3/15,20:00,3148,0,1890,884,,61,0,0,26,0,0,288
2024/3/15,21:00,3072,0,1859,713,,62,0,0,23,0,0,416
2024/3/15,22:00,3012,0,1736,620,,62,0,0,19,0,0,575
2024/3/15,23:00,2960,0,1718,656,,62,0,0,13,0,0,512
2024/3/16,0:00,2841,0,1842,654,,62,0,0,8,0,0,276
2024/3/16,1:00,2901,0,1855,705,,62,0,0,7,0,0,273
2024/3/16,2:00,3082,0,1874,767,,62,0,0,7,0,0,373
2024/3/16,3:00,3219,0,1885,811,,62,0,0,5,0,0,458
2024/3/16,4:00,3256,0,1867,849,,62,0,0,1,0,0,477
2024/3/16,5:00,3184,0,1790,945,,62,0,0,0,0,0,387
2024/3/16,6:00,3045,0,1844,906,,62,36,0,1,0,0,198
2024/3/16,7:00,2884,0,1675,880,,62,200,0,0,0,0,67
2024/3/16,8:00,2841,0,1547,747,,61,464,0,0,0,0,23
2024/3/16,9:00,2809,0,1389,717,,63,758,0,6,0,0,-122
2024/3/16,10:00,2761,0,1120,696,,63,971,0,6,0,0,-93
2024/3/16,11:00,2753,0,943,556,,63,1081,0,6,0,0,105
2024/3/16,12:00,2651,0,905,494,,63,1095,0,7,0,-123,210
2024/3/16,13:00,2593,0,914,494,,63,1020,0,7,0,-59,155
2024/3/16,14:00,2520,0,1012,504,,63,851,0,9,0,0,82
2024/3/16,15:00,2484,0,1143,535,,63,605,0,9,0,0,130
2024/3/16,16:00,2548,0,1398,738,,62,316,0,9,0,0,27
2024/3/16,17:00,2655,0,1533,998,,63,71,0,8,0,0,-17
2024/3/16,18:00,2808,0,1645,1044,,63,1,0,8,0,0,48
2024/3/16,19:00,2804,0,1679,935,,63,0,0,6,0,0,123
2024/3/16,20:00,2769,0,1681,904,,63,0,0,6,0,0,117
2024/3/16,21:00,2673,0,1635,818,,63,0,0,9,0,0,149
2024/3/16,22:00,2612,0,1656,710,,63,0,0,20,0,0,165
2024/3/16,23:00,2583,0,1678,671,,62,0,0,24,0,0,147
2024/3/17,0:00,2522,0,1647,641,,63,0,0,26,0,0,146
2024/3/17,1:00,2596,0,1664,721,,63,0,0,24,0,0,124
2024/3/17,2:00,2814,0,1771,932,,63,0,0,25,0,0,23
2024/3/17,3:00,2967,0,1960,827,,63,0,0,24,0,0,95
2024/3/17,4:00,2981,0,1956,796,,63,0,0,23,0,0,144
2024/3/17,5:00,2862,0,1534,1018,,62,0,0,29,0,0,219
2024/3/17,6:00,2671,0,1283,1002,,62,9,0,34,0,0,282
2024/3/17,7:00,2566,0,1171,896,,62,41,0,36,0,0,360
2024/3/17,8:00,2606,0,1513,801,,63,85,0,38,0,0,107
2024/3/17,9:00,2640,0,1758,606,,62,161,0,38,0,0,16
2024/3/17,10:00,2631,0,1936,560,,63,220,0,38,0,0,-185
2024/3/17,11:00,2627,0,1938,601,,63,115,0,37,0,0,-127
2024/3/17,12:00,2638,0,1764,523,,63,107,0,38,0,0,143
2024/3/17,13:00,2617,0,1848,518,,63,82,0,36,0,0,71
2024/3/17,14:00,2597,0,1953,568,,65,99,0,35,0,0,-122
2024/3/17,15:00,2588,0,1933,606,,63,88,0,30,0,0,-131
2024/3/17,16:00,2659,0,1708,701,,64,56,0,27,0,0,104
2024/3/17,17:00,2793,0,1808,914,,63,11,0,24,0,0,-26
2024/3/17,18:00,2908,0,1952,1025,,63,1,0,42,0,0,-174
2024/3/17,19:00,2897,0,1967,1063,,65,1,0,51,0,0,-249
2024/3/17,20:00,2843,0,1966,920,,64,1,0,45,0,0,-151
2024/3/17,21:00,2741,0,1847,750,,64,0,0,43,0,0,39
2024/3/17,22:00,2647,0,1720,700,,64,0,0,36,0,0,129
2024/3/17,23:00,2600,0,1686,694,,64,0,0,46,0,0,111
2024/3/18,0:00,2543,0,1686,727,,64,0,0,42,0,0,25
2024/3/18,1:00,2639,0,1730,873,,64,0,0,45,0,0,-72
2024/3/18,2:00,2889,0,1686,880,,64,0,0,42,0,0,217
2024/3/18,3:00,3071,0,1758,937,,64,0,0,41,0,0,271
2024/3/18,4:00,3153,0,1758,896,,64,0,0,48,0,0,388
2024/3/18,5:00,3212,0,1733,1001,,64,0,0,53,0,0,363
2024/3/18,6:00,3284,0,1746,1057,,65,28,0,53,0,0,335
2024/3/18,7:00,3352,0,1717,906,,64,150,0,51,0,0,464
2024/3/18,8:00,3696,0,1638,816,,64,318,0,52,0,0,809
2024/3/18,9:00,3883,0,1608,728,,64,477,0,47,0,0,960
2024/3/18,10:00,3840,0,1609,657,,64,575,0,45,0,0,892
2024/3/18,11:00,3863,0,1566,575,,64,740,0,43,0,0,875
2024/3/18,12:00,3632,0,1297,543,,64,802,0,41,0,0,885
2024/3/18,13:00,3711,0,1381,585,,64,772,0,35,0,0,874
2024/3/18,14:00,3655,0,1507,570,,64,609,0,32,0,0,874
2024/3/18,15:00,3620,0,1526,661,,64,442,0,24,0,0,904
2024/3/18,16:00,3644,0,1609,857,,64,257,0,19,0,2,836
2024/3/18,17:00,3625,0,1601,928,,63,56,0,15,0,88,876
2024/3/18,18:00,3742,0,1728,960,,63,1,0,15,0,88,889
2024/3/18,19:00,3680,0,1885,942,,64,0,0,13,0,88,689
2024/3/18,20:00,3633,0,1905,895,,63,0,0,13,0,59,698
2024/3/18,21:00,3513,0,1918,872,,64,0,0,7,0,0,652
2024/3/18,22:00,3447,0,1877,762,,64,0,0,4,0,0,742
2024/3/18,23:00,3406,0,1911,724,,63,0,0,5,0,0,705
2024/3/19,0:00,3328,0,2019,712,,63,0,0,3,0,0,531
2024/3/19,1:00,3420,0,2075,777,,64,0,0,2,0,0,502
2024/3/19,2:00,3592,0,2157,843,,63,0,0,2,0,0,528
2024/3/19,3:00,3691,0,2244,890,,63,0,0,2,0,0,492
2024/3/19,4:00,3712,0,2241,1013,,63,0,0,3,0,0,393
2024/3/19,5:00,3735,0,2369,999,,63,0,0,5,0,0,300
2024/3/19,6:00,3828,0,2323,1001,,64,34,0,9,0,0,399
2024/3/19,7:00,3800,0,2251,923,,62,200,0,7,0,0,358
2024/3/19,8:00,3903,0,2042,764,,62,489,0,4,0,0,543
2024/3/19,9:00,3950,0,2001,764,,66,705,0,8,0,0,407
2024/3/19,10:00,3822,0,1903,682,,69,765,0,14,0,0,391
2024/3/19,11:00,3728,0,1793,561,,68,750,0,13,0,0,545
2024/3/19,12:00,3482,0,1807,540,,68,620,0,11,0,0,436
2024/3/19,13:00,3626,0,2158,618,,67,390,0,10,0,0,384
2024/3/19,14:00,3655,0,2401,584,,68,195,0,19,0,0,388
2024/3/19,15:00,3667,0,2313,558,,67,138,0,27,0,0,565
2024/3/19,16:00,3723,0,2256,702,,68,70,0,32,0,0,596
2024/3/19,17:00,3688,0,2281,868,,68,16,0,30,0,26,400
2024/3/19,18:00,3713,0,2277,949,,67,0,0,37,0,51,332
2024/3/19,19:00,3614,0,2207,949,,68,0,0,45,0,51,294
2024/3/19,20:00,3533,0,2251,876,,67,0,0,51,0,51,238
2024/3/19,21:00,3398,0,2184,781,,67,0,0,48,0,22,297
2024/3/19,22:00,3306,0,2199,703,,68,0,0,36,0,0,301
2024/3/19,23:00,3234,0,2009,715,,68,0,0,28,0,0,416
2024/3/20,0:00,3081,0,1739,714,,67,0,0,29,0,0,533
2024/3/20,1:00,3170,0,1807,744,,68,0,0,11,0,0,543
2024/3/20,2:00,3387,0,2085,728,,68,0,0,18,0,0,489
2024/3/20,3:00,3554,0,2175,742,,67,0,0,22,0,0,549
2024/3/20,4:00,3543,0,2163,770,,68,0,0,27,0,0,516
2024/3/20,5:00,3466,0,2111,817,,68,0,0,36,0,0,435
2024/3/20,6:00,3356,0,2092,822,,68,8,0,23,0,0,344
2024/3/20,7:00,3352,0,1894,765,,67,80,0,28,0,0,519
2024/3/20,8:00,3534,0,1843,768,,67,181,0,33,0,0,642
2024/3/20,9:00,3665,0,1950,757,,67,221,0,50,0,0,622
2024/3/20,10:00,3694,0,2040,757,,68,212,0,44,0,0,574
2024/3/20,11:00,3686,0,2093,751,,67,195,0,39,0,0,542
2024/3/20,12:00,3664,0,2162,721,,66,125,0,35,0,0,557
2024/3/20,13:00,3738,0,2143,723,,67,130,0,34,0,0,642
2024/3/20,14:00,3718,0,2127,621,,67,168,0,44,0,0,692
2024/3/20,15:00,3689,0,2126,684,,66,99,0,47,0,0,669
2024/3/20,16:00,3749,0,2130,760,,67,58,0,48,0,0,686
2024/3/20,17:00,3813,0,2172,823,,66,34,0,48,0,0,671
2024/3/20,18:00,3907,0,2192,894,,66,1,0,41,0,0,715
2024/3/20,19:00,3869,0,2192,834,,67,0,0,44,0,0,733
2024/3/20,20:00,3792,0,2194,748,,66,0,0,40,0,0,745
2024/3/20,21:00,3712,0,2156,680,,66,0,0,53,0,0,757
2024/3/20,22:00,3627,0,2080,628,,67,0,0,47,0,0,806
2024/3/20,23:00,3572,0,2065,648,,66,0,0,52,0,0,742
2024/3/21,0:00,3478,0,1994,592,,67,0,0,51,0,0,775
2024/3/21,1:00,3550,0,1951,603,,66,0,0,48,0,0,883
2024/3/21,2:00,3701,0,1920,766,,67,0,0,39,0,0,911
2024/3/21,3:00,3822,0,1932,872,,66,0,0,38,0,0,914
2024/3/21,4:00,3815,0,1917,898,,67,0,0,31,0,0,903
2024/3/21,5:00,3813,0,1906,927,,66,0,0,20,0,0,894
2024/3/21,6:00,3953,0,1958,1114,,67,28,0,16,0,0,771
2024/3/21,7:00,4087,0,1998,1158,,66,113,0,14,0,0,740
2024/3/21,8:00,4366,0,2009,1007,,66,298,0,8,0,0,980
2024/3/21,9:00,4470,0,2005,858,,66,404,0,7,0,0,1131
2024/3/21,10:00,4339,0,1998,594,,67,580,0,10,0,0,1091
2024/3/21,11:00,4210,0,1927,575,,66,678,0,5,0,0,961
2024/3/21,12:00,3958,0,1968,575,,66,628,0,10,0,0,711
2024/3/21,13:00,4042,0,1935,493,,66,690,0,6,0,0,853
2024/3/21,14:00,3968,0,1933,551,,66,475,0,3,0,0,942
2024/3/21,15:00,3995,0,1982,722,,68,305,0,4,0,0,915
2024/3/21,16:00,4036,0,1964,851,,66,147,0,9,0,2,997
2024/3/21,17:00,4036,0,1956,950,,67,33,0,2,0,88,941
2024/3/21,18:00,4098,0,1952,1005,,67,0,0,7,0,88,978
2024/3/21,19:00,3999,0,1951,976,,66,0,0,7,0,88,912
2024/3/21,20:00,3909,0,1950,938,,66,0,0,10,0,33,912
2024/3/21,21:00,3761,0,1938,873,,66,0,0,16,0,0,869
2024/3/21,22:00,3670,0,1935,819,,66,0,0,15,0,0,836
2024/3/21,23:00,3626,0,1934,729,,67,0,0,17,0,0,880
2024/3/22,0:00,3523,0,1965,778,,67,0,0,19,0,0,695
2024/3/22,1:00,3603,0,1922,933,,67,0,0,15,0,0,667
2024/3/22,2:00,3750,0,1809,1110,,66,0,0,15,0,0,751
2024/3/22,3:00,3826,0,1816,1224,,67,0,0,14,0,0,707
2024/3/22,4:00,3793,0,1828,1209,,67,0,0,10,0,0,680
2024/3/22,5:00,3807,0,1916,1039,,66,0,0,11,0,0,775
2024/3/22,6:00,3933,0,2084,970,,67,39,0,10,0,0,765
2024/3/22,7:00,3989,0,2170,868,,65,185,0,10,0,0,692
2024/3/22,8:00,4192,0,1976,922,,67,403,0,12,0,0,813
2024/3/22,9:00,4188,0,1874,734,,67,622,0,7,0,0,885
2024/3/22,10:00,4141,0,1858,748,,68,822,0,2,0,0,645
2024/3/22,11:00,4009,0,1825,661,,67,854,0,3,0,0,599
2024/3/22,12:00,3728,0,1754,582,,68,901,0,4,0,0,421
2024/3/22,13:00,3798,0,1746,609,,67,930,0,3,0,0,445
2024/3/22,14:00,3689,0,1676,536,,68,805,0,2,0,0,603
2024/3/22,15:00,3598,0,1724,542,,67,589,0,1,0,0,676
2024/3/22,16:00,3609,0,1746,648,,67,311,0,1,0,0,836
2024/3/22,17:00,3595,0,1536,936,,67,70,0,0,0,46,941
2024/3/22,18:00,3695,0,1457,1113,,68,1,0,2,0,88,967
2024/3/22,19:00,3631,0,1620,1113,,67,0,0,2,0,88,743
2024/3/22,20:00,3579,0,1702,1000,,66,0,0,1,0,80,729
2024/3/22,21:00,3501,0,1792,968,,68,0,0,3,0,0,671
2024/3/22,22:00,3424,0,1883,892,,67,0,0,7,0,0,577
2024/3/22,23:00,3398,0,1855,836,,67,0,0,9,0,0,632
2024/3/23,0:00,3305,0,1522,910,,66,0,0,19,0,0,790
2024/3/23,1:00,3331,0,1430,1011,,66,0,0,33,0,0,792
2024/3/23,2:00,3459,0,1499,1115,,67,0,0,29,0,0,749
2024/3/23,3:00,3534,0,1569,1142,,67,0,0,29,0,0,729
2024/3/23,4:00,3464,0,1535,1167,,67,0,0,32,0,0,663
2024/3/23,5:00,3326,0,1527,993,,67,0,0,23,0,0,716
2024/3/23,6:00,3236,0,1456,923,,66,5,0,27,0,0,759
2024/3/23,7:00,3222,0,1496,1084,,68,20,0,32,0,0,523
2024/3/23,8:00,3333,0,1636,1028,,67,54,0,32,0,0,519
2024/3/23,9:00,3486,0,1721,1100,,67,61,0,37,0,0,502
2024/3/23,10:00,3434,0,1727,852,,68,67,0,30,0,0,691
2024/3/23,11:00,3354,0,1727,783,,66,78,0,28,0,0,672
2024/3/23,12:00,3216,0,1715,573,,66,99,0,26,0,0,738
2024/3/23,13:00,3127,0,1521,571,,66,135,0,30,0,0,806
2024/3/23,14:00,3040,0,1474,567,,68,202,0,30,0,0,700
2024/3/23,15:00,2953,0,1445,619,,66,201,0,31,0,0,592
2024/3/23,16:00,2957,0,1504,714,,66,196,0,30,0,0,447
2024/3/23,17:00,2984,0,1628,818,,67,69,0,27,0,0,375
2024/3/23,18:00,3076,0,1597,837,,66,2,0,23,0,0,552
2024/3/23,19:00,3042,0,1513,881,,66,0,0,18,0,0,565
2024/3/23,20:00,2974,0,1507,914,,67,0,0,16,0,0,470
2024/3/23,21:00,2856,0,1351,841,,66,0,0,14,0,0,586
2024/3/23,22:00,2813,0,1309,754,,67,0,0,12,0,0,672
2024/3/23,23:00,2759,0,1257,769,,68,0,0,11,0,0,656
2024/3/24,0:00,2673,0,1260,953,,67,0,0,8,0,0,386
2024/3/24,1:00,2738,0,1264,1020,,66,0,0,8,0,0,382
2024/3/24,2:00,2927,0,1309,1221,,67,0,0,3,0,0,328
2024/3/24,3:00,3090,0,1288,1353,,66,0,0,1,0,0,383
2024/3/24,4:00,3118,0,1329,1344,,67,0,0,1,0,0,378
2024/3/24,5:00,3004,0,1432,1178,,66,0,0,0,0,0,329
2024/3/24,6:00,2825,0,1314,966,,67,32,0,0,0,0,446
2024/3/24,7:00,2694,0,1197,898,,66,165,0,0,0,0,369
2024/3/24,8:00,2642,0,1177,880,,67,376,0,0,0,0,143
2024/3/24,9:00,2638,0,1152,810,,66,622,0,1,0,0,-12
2024/3/24,10:00,2617,0,1173,754,,66,773,0,3,0,0,-151
2024/3/24,11:00,2544,0,1103,605,,66,791,0,4,0,0,-25
2024/3/24,12:00,2493,0,1179,622,,67,773,0,5,0,0,-151
2024/3/24,13:00,2435,0,920,573,,66,792,0,7,0,0,78
2024/3/24,14:00,2380,0,955,664,,66,695,0,8,0,0,-7
2024/3/24,15:00,2411,0,1061,682,,67,506,0,9,0,0,87
2024/3/24,16:00,2490,0,1191,884,,67,245,0,12,0,0,91
2024/3/24,17:00,2654,0,1239,1178,,66,61,0,17,0,0,95
2024/3/24,18:00,2826,0,1446,1254,,66,2,0,17,0,0,43
2024/3/24,19:00,2850,0,1479,1125,,67,0,0,13,0,0,167
2024/3/24,20:00,2779,0,1452,1014,,65,0,0,9,0,0,239
2024/3/24,21:00,2692,0,1387,930,,65,0,0,12,0,0,299
2024/3/24,22:00,2626,0,1334,815,,67,0,0,7,0,0,403
2024/3/24,23:00,2576,0,1318,764,,66,0,0,8,0,0,421
2024/3/25,0:00,2519,0,1263,807,,66,0,0,8,0,0,376
2024/3/25,1:00,2628,0,1104,872,,67,0,0,9,0,0,577
2024/3/25,2:00,2845,0,1251,899,,67,0,0,9,0,0,620
2024/3/25,3:00,3023,0,1360,883,,66,0,0,8,0,0,707
2024/3/25,4:00,3096,0,1378,857,,66,0,0,17,0,0,779
2024/3/25,5:00,3054,0,1401,808,,67,1,0,20,0,0,759
2024/3/25,6:00,3018,0,1439,837,,66,22,0,6,0,0,650
2024/3/25,7:00,3120,0,1614,923,,67,79,0,5,0,0,433
2024/3/25,8:00,3482,0,1551,1078,,67,146,0,8,0,0,634
2024/3/25,9:00,3682,0,1655,836,,67,190,0,20,0,0,914
2024/3/25,10:00,3664,0,1506,725,,66,229,0,14,0,0,1125
2024/3/25,11:00,3647,0,1503,684,,67,250,0,14,0,0,1131
2024/3/25,12:00,3442,0,1520,570,,67,226,0,13,0,0,1047
2024/3/25,13:00,3582,0,1608,633,,67,197,0,16,0,0,1063
2024/3/25,14:00,3557,0,1534,706,,66,168,0,16,0,0,1069
2024/3/25,15:00,3509,0,1475,767,,66,153,0,11,0,0,1039
2024/3/25,16:00,3501,0,1486,802,,67,119,0,13,0,0,1017
2024/3/25,17:00,3451,0,1528,901,,66,28,0,15,0,2,911
2024/3/25,18:00,3485,0,1588,1036,,66,1,0,15,0,90,691
2024/3/25,19:00,3372,0,1561,1146,,66,1,0,17,0,57,526
2024/3/25,20:00,3283,0,1543,980,,65,1,0,16,0,0,679
2024/3/25,21:00,3142,0,1488,819,,67,0,0,28,0,0,741
2024/3/25,22:00,3108,0,1435,772,,66,0,0,39,0,0,797
2024/3/25,23:00,3023,0,1310,786,,66,0,0,41,0,0,821
2024/3/26,0:00,2907,0,1337,804,,67,0,0,40,0,0,660
2024/3/26,1:00,2959,0,1360,868,,66,0,0,31,0,0,635
2024/3/26,2:00,3183,0,1421,984,,67,0,0,27,0,0,685
2024/3/26,3:00,3324,0,1450,1013,,66,0,0,28,0,0,768
2024/3/26,4:00,3379,0,1487,1033,,67,0,0,29,0,0,764
2024/3/26,5:00,3335,0,1487,1002,,68,0,0,31,0,0,748
2024/3/26,6:00,3326,0,1330,1096,,67,6,0,33,0,0,795
2024/3/26,7:00,3395,0,1450,1062,,66,16,0,35,0,0,767
2024/3/26,8:00,3744,0,1706,1074,,67,26,0,48,0,0,824
2024/3/26,9:00,3973,0,1878,1127,,66,47,0,45,0,0,811
2024/3/26,10:00,3953,0,1974,1117,,68,96,0,46,0,0,653
2024/3/26,11:00,3951,0,1823,1149,,67,104,0,46,0,0,763
2024/3/26,12:00,3755,0,1628,1155,,67,81,0,46,0,0,779
2024/3/26,13:00,3877,0,1481,1149,,66,71,0,45,0,0,1066
2024/3/26,14:00,3883,0,1420,1235,,66,72,0,47,0,0,1044
2024/3/26,15:00,3884,0,1421,1189,,67,58,0,47,0,0,1103
2024/3/26,16:00,3903,0,1418,1204,,66,34,0,47,0,0,1136
2024/3/26,17:00,3817,0,1529,1192,,66,11,0,46,0,2,971
2024/3/26,18:00,3855,0,1802,1194,,67,1,0,45,0,89,659
2024/3/26,19:00,3734,0,1732,1142,,66,0,0,42,0,59,693
2024/3/26,20:00,3635,0,1729,1165,,67,0,0,40,0,0,635
2024/3/26,21:00,3515,0,1663,1155,,67,0,0,28,0,0,603
2024/3/26,22:00,3384,0,1585,1105,,67,0,0,13,0,0,615
2024/3/26,23:00,3296,0,1472,1107,,67,0,0,6,0,0,644
2024/3/27,0:00,3185,0,1451,1077,,66,0,0,4,0,0,587
2024/3/27,1:00,3227,0,1363,1061,,66,0,0,4,0,0,733
2024/3/27,2:00,3410,0,1521,1155,,67,0,0,5,0,0,663
2024/3/27,3:00,3524,0,1655,1190,,67,0,0,5,0,0,608
2024/3/27,4:00,3580,0,1681,1194,,66,0,0,5,0,1,635
2024/3/27,5:00,3593,0,1606,1105,,67,1,0,4,0,51,760
2024/3/27,6:00,3585,0,1452,1124,,66,54,0,2,0,50,837
2024/3/27,7:00,3549,0,1180,1166,,67,215,0,1,0,0,921
2024/3/27,8:00,3705,0,1007,1107,,66,517,0,2,0,0,1007
2024/3/27,9:00,3800,0,953,1144,,66,790,0,4,0,0,844
2024/3/27,10:00,3762,0,854,1138,,66,963,0,6,0,0,737
2024/3/27,11:00,3649,0,850,1124,,66,1022,0,9,0,0,580
2024/3/27,12:00,3472,0,793,1108,,67,1119,0,9,0,0,376
2024/3/27,13:00,3487,0,782,1103,,66,1069,0,9,0,0,459
2024/3/27,14:00,3378,0,776,1101,,66,896,0,9,0,0,531
2024/3/27,15:00,3316,0,860,1180,,67,691,0,9,0,0,510
2024/3/27,16:00,3329,0,989,1208,,66,390,0,9,0,0,669
2024/3/27,17:00,3329,0,1121,1198,,67,104,0,8,0,0,832
2024/3/27,18:00,3442,0,1213,1193,,66,2,0,10,0,0,960
2024/3/27,19:00,3447,0,1395,1194,,65,0,0,11,0,0,783
2024/3/27,20:00,3408,0,1401,1215,,66,0,0,11,0,0,716
2024/3/27,21:00,3325,0,1364,1219,,66,0,0,12,0,0,665
2024/3/27,22:00,3260,0,1378,1142,,66,0,0,12,0,0,663
2024/3/27,23:00,3203,0,1316,1142,,67,0,0,15,0,0,664
2024/3/28,0:00,3110,0,1201,1141,,66,0,0,17,0,0,687
2024/3/28,1:00,3201,0,1349,1116,,66,0,0,13,0,0,658
2024/3/28,2:00,3400,0,1386,1160,,66,0,0,13,0,0,777
2024/3/28,3:00,3530,0,1476,1212,,67,0,0,9,0,0,768
2024/3/28,4:00,3545,0,1490,1207,,66,0,0,6,0,0,776
2024/3/28,5:00,3556,0,1501,1204,,67,2,0,8,0,0,775
2024/3/28,6:00,3588,0,1465,1221,,66,55,0,10,0,0,772
2024/3/28,7:00,3584,0,1397,1092,,65,196,0,9,0,0,825
2024/3/28,8:00,3699,0,1319,1084,,66,466,0,3,0,0,763
2024/3/28,9:00,3710,0,1003,1103,,65,765,0,6,0,0,770
2024/3/28,10:00,3642,0,1024,1134,,65,810,0,18,0,0,592
2024/3/28,11:00,3522,0,1046,1119,,66,660,0,28,0,0,604
2024/3/28,12:00,3350,0,920,1118,,65,609,0,27,0,0,613
2024/3/28,13:00,3443,0,1125,1328,,66,364,0,31,0,0,530
2024/3/28,14:00,3430,0,1280,1131,,65,220,0,30,0,0,705
2024/3/28,15:00,3390,0,1313,1105,,67,146,0,29,0,0,731
2024/3/28,16:00,3385,0,1297,1066,,66,80,0,28,0,0,850
2024/3/28,17:00,3349,0,1305,1145,,65,16,0,28,0,2,789
2024/3/28,18:00,3378,0,1230,1130,,67,1,0,26,0,91,836
2024/3/28,19:00,3290,0,1156,1242,,66,1,0,16,0,6,805
2024/3/28,20:00,3190,0,1148,1210,,65,0,0,20,0,0,747
2024/3/28,21:00,3074,0,1083,1207,,67,0,0,29,0,0,689
2024/3/28,22:00,2978,0,1050,1156,,66,0,0,36,0,0,672
2024/3/28,23:00,2887,0,1041,1144,,65,0,0,38,0,0,600
2024/3/29,0:00,2765,0,994,1176,,67,0,0,33,0,0,496
2024/3/29,1:00,2824,0,886,1267,,65,0,0,27,0,0,580
2024/3/29,2:00,2992,0,991,1361,,65,0,0,26,0,0,550
2024/3/29,3:00,3134,0,1115,1419,,66,0,0,22,0,0,513
2024/3/29,4:00,3162,0,1067,1473,,65,0,0,27,0,0,531
2024/3/29,5:00,3066,0,1008,1417,,65,1,0,32,0,0,544
2024/3/29,6:00,2978,0,991,1292,,66,5,0,48,0,0,577
2024/3/29,7:00,3033,0,930,1324,,65,23,0,49,0,0,644
2024/3/29,8:00,3327,0,963,1409,,65,70,0,43,0,0,778
2024/3/29,9:00,3461,0,1083,1345,,66,181,0,21,0,0,767
2024/3/29,10:00,3409,0,1074,1271,,65,268,0,22,0,0,710
2024/3/29,11:00,3381,0,1103,1242,,65,460,0,29,0,0,483
2024/3/29,12:00,3171,0,1020,1236,,66,697,0,31,0,0,122
2024/3/29,13:00,3196,0,986,1232,,65,732,0,26,0,0,156
2024/3/29,14:00,3126,0,870,1203,,66,818,0,18,0,0,152
2024/3/29,15:00,3064,0,994,1229,,67,663,0,14,0,0,99
2024/3/29,16:00,3036,0,1344,1209,,66,355,0,15,0,0,48
2024/3/29,17:00,2979,0,1418,1245,,66,98,0,28,0,1,124
2024/3/29,18:00,3021,0,1279,1214,,66,3,0,30,0,52,379
2024/3/29,19:00,2977,0,1184,1200,,67,0,0,31,0,47,448
2024/3/29,20:00,2896,0,1141,1254,,65,0,0,36,0,0,401
2024/3/29,21:00,2812,0,1079,1254,,66,0,0,43,0,0,372
2024/3/29,22:00,2790,0,880,1231,,65,0,0,43,0,0,571
2024/3/29,23:00,2717,0,788,1238,,66,0,0,40,0,0,586
2024/3/30,0:00,2616,0,856,1338,,66,0,0,32,0,0,326
2024/3/30,1:00,2669,0,914,1546,,66,0,0,30,0,2,112
2024/3/30,2:00,2868,0,1050,1666,,66,0,0,35,0,93,-40
2024/3/30,3:00,2980,0,1200,1656,,66,0,0,45,0,8,6
2024/3/30,4:00,3005,0,1148,1776,,65,0,0,48,0,0,-31
2024/3/30,5:00,2881,0,1171,1643,,66,1,0,29,0,0,-29
2024/3/30,6:00,2651,0,1046,1544,,65,35,0,16,0,0,-54
2024/3/30,7:00,2545,0,961,1460,,64,185,0,12,0,0,-136
2024/3/30,8:00,2591,0,1012,1416,,59,408,0,13,0,0,-315
2024/3/30,9:00,2620,0,904,1258,,57,726,0,13,0,0,-336
2024/3/30,10:00,2642,0,638,1241,,48,1013,0,15,0,0,-313
2024/3/30,11:00,2616,0,572,1293,,49,1087,0,15,0,-90,-309
2024/3/30,12:00,2568,0,485,1302,,47,1130,0,13,0,-122,-285
2024/3/30,13:00,2520,0,498,1349,,49,1047,0,13,0,-122,-313
2024/3/30,14:00,2447,0,610,1362,,49,837,0,11,0,-122,-299
2024/3/30,15:00,2395,0,852,1235,,58,538,0,4,0,0,-292
2024/3/30,16:00,2412,0,1007,1230,,64,267,0,0,0,0,-155
2024/3/30,17:00,2521,0,1213,1374,,65,56,0,4,0,3,-192
2024/3/30,18:00,2643,0,1269,1413,,65,1,0,2,0,94,-199
2024/3/30,19:00,2614,0,1261,1310,,65,0,0,5,0,93,-120
2024/3/30,20:00,2562,0,1226,1308,,65,0,0,31,0,20,-88
2024/3/30,21:00,2463,0,1224,1332,,65,0,0,32,0,0,-189
2024/3/30,22:00,2426,0,1187,1252,,64,0,0,23,0,0,-99
2024/3/30,23:00,2343,0,1069,1267,,65,0,0,20,0,0,-77
2024/3/31,0:00,2258,0,1096,1308,,65,0,0,35,0,0,-245
2024/3/31,1:00,2323,0,833,1444,,65,0,0,39,0,0,-57
2024/3/31,2:00,2522,0,814,1600,,66,0,0,38,0,50,-46
2024/3/31,3:00,2658,0,1032,1641,,66,0,0,31,0,95,-206
2024/3/31,4:00,2698,0,1121,1604,,65,1,0,19,0,95,-205
2024/3/31,5:00,2594,0,1081,1543,,66,2,0,11,0,95,-203
2024/3/31,6:00,2357,0,979,1496,,65,44,0,5,0,1,-233
2024/3/31,7:00,2277,0,925,1413,,65,159,0,3,0,0,-286
2024/3/31,8:00,2318,0,900,1315,,63,340,2,1,0,0,-300
2024/3/31,9:00,2383,0,848,1276,,58,508,3,0,0,0,-306
2024/3/31,10:00,2395,0,761,1245,,49,683,4,1,0,-121,-221
2024/3/31,11:00,2363,0,770,1264,,48,651,4,5,0,-122,-251
2024/3/31,12:00,2388,0,782,1363,,49,634,4,6,0,-122,-323
2024/3/31,13:00,2319,0,758,1284,,47,635,4,6,0,-122,-289
2024/3/31,14:00,2268,0,748,1236,,48,608,4,4,0,-61,-314
2024/3/31,15:00,2261,0,791,1296,,56,378,2,5,0,0,-265
2024/3/31,16:00,2337,0,1000,1337,,60,161,0,7,0,0,-227
2024/3/31,17:00,2480,0,1132,1265,,65,46,0,5,0,3,-35
2024/3/31,18:00,2644,0,1359,1368,,66,1,0,4,0,47,-201
2024/3/31,19:00,2655,0,1309,1344,,66,1,0,4,0,0,-68
2024/3/31,20:00,2607,0,1300,1353,,65,1,0,3,0,0,-113
2024/3/31,21:00,2537,0,1284,1312,,66,0,0,2,0,0,-126
2024/3/31,22:00,2432,0,1242,1283,,67,0,0,2,0,0,-161
2024/3/31,23:00,2374,0,1162,1287,,66,0,0,4,0,0,-143
