57066,FUKUI,36,3.3,136,13.3,9,,,,,,,,,,,,,,,,,,,,,,,,,,,
0,30,1,1,2011,0,0,0,0,0,0,0,1,9,27,23,25,33,18,18,16,5,0,0,0,0,0,0,0,33,8888,175,8888,1
0,30,1,2,2011,0,0,0,0,0,0,0,9,41,225,169,197,106,68,69,38,13,0,0,0,0,0,0,0,225,8888,935,8888,2
0,30,1,3,2011,0,0,0,0,0,0,0,33,172,230,303,333,331,299,239,151,8,0,0,0,0,0,0,0,333,8888,2099,8888,3
0,30,1,4,2011,0,0,0,0,0,0,0,3,33,174,104,216,203,36,34,17,6,0,0,0,0,0,0,0,216,8888,826,8888,4
0,30,1,5,2011,0,0,0,0,0,0,0,3,24,85,287,179,90,37,18,5,0,0,0,0,0,0,0,0,287,8888,728,8888,5
0,30,1,6,2011,0,0,0,0,0,0,0,4,30,35,93,43,46,37,42,18,5,0,0,0,0,0,0,0,93,8888,353,8888,6
0,30,1,7,2011,0,0,0,0,0,0,0,13,108,170,215,233,164,165,96,65,7,0,0,0,0,0,0,0,233,8888,1236,8888,7
0,30,1,8,2011,0,0,0,0,0,0,0,5,32,63,100,140,203,185,29,23,4,0,0,0,0,0,0,0,203,8888,784,8888,8
0,30,1,9,2011,0,0,0,0,0,0,0,4,17,31,71,18,13,14,8,8,3,0,0,0,0,0,0,0,71,8888,187,8888,9
0,30,1,10,2011,0,0,0,0,0,0,0,15,93,201,188,259,240,128,146,95,9,0,0,0,0,0,0,0,259,8888,1374,8888,10
0,30,1,11,2011,0,0,0,0,0,0,0,29,175,232,302,328,339,274,150,88,24,0,0,0,0,0,0,0,339,8888,1941,8888,11
0,30,1,12,2011,0,0,0,0,0,0,0,9,11,46,67,42,44,63,16,21,1,0,0,0,0,0,0,0,67,8888,320,8888,12
0,30,1,13,2011,0,0,0,0,0,0,0,30,128,242,303,310,309,260,252,161,53,0,0,0,0,0,0,0,310,8888,2048,8888,13
0,30,1,14,2011,0,0,0,0,0,0,0,5,41,83,78,52,68,113,102,48,5,0,0,0,0,0,0,0,113,8888,595,8888,14
0,30,1,15,2011,0,0,0,0,0,0,0,1,9,15,38,16,17,16,15,15,3,0,0,0,0,0,0,0,38,8888,145,8888,15
0,30,1,16,2011,0,0,0,0,0,0,0,5,73,84,95,78,88,59,19,15,8,0,0,0,0,0,0,0,95,8888,524,8888,16
0,30,1,17,2011,0,0,0,0,0,0,0,5,11,15,57,25,66,97,162,43,9,0,0,0,0,0,0,0,162,8888,490,8888,17
0,30,1,18,2011,0,0,0,0,0,0,0,19,46,79,269,35,109,148,120,63,7,0,0,0,0,0,0,0,269,8888,895,8888,18
0,30,1,19,2011,0,0,0,0,0,0,0,9,31,39,131,354,184,175,108,26,6,0,0,0,0,0,0,0,354,8888,1063,8888,19
0,30,1,20,2011,0,0,0,0,0,0,0,3,51,25,14,69,45,41,20,13,5,0,0,0,0,0,0,0,69,8888,286,8888,20
0,30,1,21,2011,0,0,0,0,0,0,0,9,41,110,199,331,347,207,117,38,16,0,0,0,0,0,0,0,347,8888,1415,8888,21
0,30,1,22,2011,0,0,0,0,0,0,0,12,36,123,137,140,60,126,63,12,6,0,0,0,0,0,0,0,140,8888,715,8888,22
0,30,1,23,2011,0,0,0,0,0,0,0,2,22,45,69,144,210,174,101,50,11,0,0,0,0,0,0,0,210,8888,828,8888,23
0,30,1,24,2011,0,0,0,0,0,0,0,2,10,32,36,103,40,52,107,25,3,0,0,0,0,0,0,0,107,8888,410,8888,24
0,30,1,25,2011,0,0,0,0,0,0,0,5,20,33,67,78,78,85,59,36,11,0,0,0,0,0,0,0,85,8888,472,8888,25
0,30,1,26,2011,0,0,0,0,0,0,0,5,42,45,82,180,29,21,12,16,5,0,0,0,0,0,0,0,180,8888,437,8888,26
0,30,1,27,2011,0,0,0,0,0,0,0,8,178,145,81,59,48,78,27,22,6,0,0,0,0,0,0,0,178,8888,652,8888,27
0,30,1,28,2011,0,0,0,0,0,0,0,5,54,129,111,202,162,196,120,102,27,1,0,0,0,0,0,0,202,8888,1109,8888,28
0,30,1,29,2011,0,0,0,0,0,0,0,7,26,32,34,52,40,46,36,29,5,0,0,0,0,0,0,0,52,8888,307,8888,29
0,30,1,30,2011,0,0,0,0,0,0,0,30,53,123,149,79,90,44,11,10,5,0,0,0,0,0,0,0,149,8888,594,8888,30
0,30,1,31,2011,0,0,0,0,0,0,0,7,18,39,91,290,276,223,61,23,14,0,0,0,0,0,0,0,290,8888,1042,8888,31
0,30,2,1,2016,0,0,0,0,0,0,0,6,22,24,44,80,89,85,49,47,19,1,0,0,0,0,0,0,89,8888,466,8888,32
0,30,2,2,2016,0,0,0,0,0,0,0,41,149,237,245,289,270,112,164,75,12,0,0,0,0,0,0,0,289,8888,1594,8888,33
0,30,2,3,2016,0,0,0,0,0,0,0,13,129,242,307,297,330,324,179,181,71,2,0,0,0,0,0,0,330,8888,2075,8888,34
0,30,2,4,2016,0,0,0,0,0,0,0,4,12,123,155,76,82,60,38,13,27,2,0,0,0,0,0,0,155,8888,592,8888,35
0,30,2,5,2016,0,0,0,0,0,0,0,4,61,177,216,218,71,77,146,32,7,1,0,0,0,0,0,0,218,8888,1010,8888,36
0,30,2,6,2016,0,0,0,0,0,0,0,8,39,95,260,168,199,157,40,13,8,1,0,0,0,0,0,0,260,8888,988,8888,37
0,30,2,7,2016,0,0,0,0,0,0,0,33,166,215,310,304,275,311,207,179,43,2,0,0,0,0,0,0,311,8888,2045,8888,38
0,30,2,8,2016,0,0,0,0,0,0,0,58,160,248,309,344,349,324,272,192,96,9,0,0,0,0,0,0,349,8888,2361,8888,39
0,30,2,9,2016,0,0,0,0,0,0,0,2,3,9,56,61,64,32,71,39,21,3,0,0,0,0,0,0,71,8888,361,8888,40
0,30,2,10,2016,0,0,0,0,0,0,0,19,121,129,103,183,103,91,186,128,28,2,0,0,0,0,0,0,186,8888,1093,8888,41
0,30,2,11,2016,0,0,0,0,0,0,1,56,156,247,306,341,345,320,267,189,92,8,0,0,0,0,0,0,345,8888,2328,8888,42
0,30,2,12,2016,0,0,0,0,0,0,1,76,165,169,276,346,113,96,111,80,32,2,0,0,0,0,0,0,346,8888,1467,8888,43
0,30,2,13,2016,0,0,0,0,0,0,0,7,29,50,34,45,42,32,26,12,5,1,0,0,0,0,0,0,50,8888,283,8888,44
0,30,2,14,2016,0,0,0,0,0,0,0,2,13,7,11,11,5,7,6,5,2,0,0,0,0,0,0,0,13,8888,69,8888,45
0,30,2,15,2016,0,0,0,0,0,0,0,5,36,63,150,124,72,74,52,47,9,2,0,0,0,0,0,0,150,8888,634,8888,46
0,30,2,16,2016,0,0,0,0,0,0,0,10,9,23,39,48,53,51,34,23,11,2,0,0,0,0,0,0,53,8888,303,8888,47
0,30,2,17,2016,0,0,0,0,0,0,0,3,10,25,39,63,235,145,37,59,11,1,0,0,0,0,0,0,235,8888,628,8888,48
0,30,2,18,2016,0,0,0,0,0,0,0,15,95,262,329,368,374,348,293,212,101,6,0,0,0,0,0,0,374,8888,2403,8888,49
0,30,2,19,2016,0,0,0,0,0,0,1,55,160,194,238,137,214,241,124,33,32,3,0,0,0,0,0,0,241,8888,1432,8888,50
0,30,2,20,2016,0,0,0,0,0,0,0,8,23,11,13,26,41,36,19,8,3,0,0,0,0,0,0,0,41,8888,188,8888,51
0,30,2,21,2016,0,0,0,0,0,0,0,27,135,165,169,190,195,103,133,49,25,2,0,0,0,0,0,0,195,8888,1193,8888,52
0,30,2,22,2016,0,0,0,0,0,0,2,26,61,74,124,134,95,95,75,43,20,3,0,0,0,0,0,0,134,8888,752,8888,53
0,30,2,23,2016,0,0,0,0,0,0,2,22,114,110,51,77,51,67,26,11,4,1,0,0,0,0,0,0,114,8888,536,8888,54
0,30,2,24,2016,0,0,0,0,0,0,2,10,30,67,161,143,229,230,245,159,47,5,0,0,0,0,0,0,245,8888,1328,8888,55
0,30,2,25,2016,0,0,0,0,0,0,3,67,187,268,335,367,372,159,258,139,38,2,0,0,0,0,0,0,372,8888,2195,8888,56
0,30,2,26,2016,0,0,0,0,0,0,7,21,28,24,19,47,70,23,28,31,20,6,0,0,0,0,0,0,70,8888,324,8888,57
0,30,2,27,2016,0,0,0,0,0,0,3,49,131,219,279,161,163,119,47,16,10,2,0,0,0,0,0,0,279,8888,1199,8888,58
0,30,2,28,2016,0,0,0,0,0,0,2,23,83,184,294,322,323,297,246,166,76,8,0,0,0,0,0,0,323,8888,2024,8888,59
0,30,3,1,2011,0,0,0,0,0,0,1,13,50,60,34,33,28,16,12,8,9,3,0,0,0,0,0,0,60,8888,267,8888,60
0,30,3,2,2011,0,0,0,0,0,0,1,22,60,46,77,70,80,171,131,85,6,5,0,0,0,0,0,0,171,8888,754,8888,61
0,30,3,3,2011,0,0,0,0,0,0,5,65,101,272,325,176,237,166,144,112,39,5,0,0,0,0,0,0,325,8888,1647,8888,62
0,30,3,4,2011,0,0,0,0,0,0,3,20,147,197,84,97,271,137,209,118,27,8,0,0,0,0,0,0,271,8888,1318,8888,63
0,30,3,5,2011,0,0,0,0,0,0,3,31,168,298,196,186,313,347,298,166,98,11,0,0,0,0,0,0,347,8888,2115,8888,64
0,30,3,6,2011,0,0,0,0,0,0,3,33,67,102,55,49,227,132,63,122,27,5,0,0,0,0,0,0,227,8888,885,8888,65
0,30,3,7,2011,0,0,0,0,0,0,3,31,88,148,181,199,103,46,24,37,9,4,0,0,0,0,0,0,199,8888,873,8888,66
0,30,3,8,2011,0,0,0,0,0,0,4,43,144,272,243,153,238,72,46,57,6,1,0,0,0,0,0,0,272,8888,1279,8888,67
0,30,3,9,2011,0,0,0,0,0,0,5,39,40,29,24,184,44,20,105,13,6,0,0,0,0,0,0,0,184,8888,509,8888,68
0,30,3,10,2011,0,0,0,0,0,0,7,27,135,272,326,317,242,64,172,45,39,3,0,0,0,0,0,0,326,8888,1649,8888,69
0,30,3,11,2011,0,0,0,0,0,0,3,17,5,40,132,29,78,61,143,31,15,5,0,0,0,0,0,0,143,8888,559,8888,70
0,30,3,12,2011,0,0,0,0,0,0,9,44,149,243,262,338,358,333,246,186,81,10,0,0,0,0,0,0,358,8888,2259,8888,71
0,30,3,13,2011,0,0,0,0,0,0,6,49,188,275,333,369,373,348,294,218,117,26,0,0,0,0,0,0,373,8888,2596,8888,72
0,30,3,14,2011,0,0,0,0,0,0,16,101,188,221,299,305,284,181,188,99,14,1,0,0,0,0,0,0,305,8888,1897,8888,73
0,30,3,15,2011,0,0,0,0,0,0,2,18,80,98,89,77,54,146,98,28,3,0,0,0,0,0,0,0,146,8888,693,8888,74
0,30,3,16,2011,0,0,0,0,0,0,5,30,46,48,97,133,27,71,43,38,28,5,0,0,0,0,0,0,133,8888,571,8888,75
0,30,3,17,2011,0,0,0,0,0,0,20,69,35,34,67,74,144,142,112,105,23,2,0,0,0,0,0,0,144,8888,827,8888,76
0,30,3,18,2011,0,0,0,0,0,0,7,43,117,266,349,383,371,327,279,208,97,13,0,0,0,0,0,0,383,8888,2460,8888,77
0,30,3,19,2011,0,0,0,0,0,0,10,65,205,264,326,308,365,322,248,123,23,18,0,0,0,0,0,0,365,8888,2277,8888,78
0,30,3,20,2011,0,0,0,0,0,0,9,68,101,180,167,110,81,66,36,16,8,8,0,0,0,0,0,0,180,8888,850,8888,79
0,30,3,21,2011,0,0,0,0,0,0,3,10,75,119,103,70,101,101,73,57,33,6,0,0,0,0,0,0,119,8888,751,8888,80
0,30,3,22,2011,0,0,0,0,0,0,7,33,185,225,189,181,219,168,114,89,17,6,0,0,0,0,0,0,225,8888,1433,8888,81
0,30,3,23,2011,0,0,0,0,0,0,10,53,73,147,216,213,239,308,297,230,134,36,0,0,0,0,0,0,308,8888,1956,8888,82
0,30,3,24,2011,0,0,0,0,0,0,9,36,156,215,150,68,97,66,93,42,41,8,0,0,0,0,0,0,215,8888,981,8888,83
0,30,3,25,2011,0,0,0,0,0,0,14,76,177,201,197,127,76,44,61,43,5,2,0,0,0,0,0,0,201,8888,1023,8888,84
0,30,3,26,2011,0,0,0,0,0,0,13,34,144,72,354,240,122,232,182,166,47,15,0,0,0,0,0,0,354,8888,1621,8888,85
0,30,3,27,2011,0,0,0,0,0,0,12,108,211,206,362,336,177,273,263,141,112,35,0,0,0,0,0,0,362,8888,2236,8888,86
0,30,3,28,2011,0,0,0,0,0,0,32,122,216,293,345,374,376,342,288,209,112,28,0,0,0,0,0,0,376,8888,2737,8888,87
0,30,3,29,2011,0,0,0,0,0,0,21,80,153,272,287,142,192,322,281,196,101,26,0,0,0,0,0,0,322,8888,2073,8888,88
0,30,3,30,2011,0,0,0,0,0,0,24,23,147,262,163,187,86,313,262,211,115,30,0,0,0,0,0,0,313,8888,1823,8888,89
0,30,3,31,2011,0,0,0,0,0,0,17,57,82,225,292,288,276,276,239,215,128,36,1,0,0,0,0,0,292,8888,2132,8888,90
0,30,4,1,2018,0,0,0,0,0,1,29,100,185,258,291,332,317,298,240,77,50,16,1,0,0,0,0,0,332,8888,2195,8888,91
0,30,4,2,2018,0,0,0,0,0,1,12,43,82,128,190,231,138,258,196,194,92,24,1,0,0,0,0,0,258,8888,1590,8888,92
0,30,4,3,2018,0,0,0,0,0,1,21,87,158,265,306,142,187,221,282,199,110,31,1,0,0,0,0,0,306,8888,2011,8888,93
0,30,4,4,2018,0,0,0,0,0,1,18,55,168,268,217,282,142,211,188,6,7,3,0,0,0,0,0,0,282,8888,1566,8888,94
0,30,4,5,2018,0,0,0,0,0,1,14,40,74,112,246,370,365,208,114,46,14,4,0,0,0,0,0,0,370,8888,1608,8888,95
0,30,4,6,2018,0,0,0,0,0,2,14,80,88,71,65,69,100,40,65,14,7,2,0,0,0,0,0,0,100,8888,617,8888,96
0,30,4,7,2018,0,0,0,0,0,0,3,6,13,20,27,28,66,54,103,57,20,2,0,0,0,0,0,0,103,8888,399,8888,97
0,30,4,8,2018,0,0,0,0,0,1,10,64,36,27,86,284,292,201,113,50,62,20,2,0,0,0,0,0,292,8888,1248,8888,98
0,30,4,9,2018,0,0,0,0,0,1,21,50,90,71,33,16,44,35,127,90,38,8,1,0,0,0,0,0,127,8888,625,8888,99
0,30,4,10,2018,0,0,0,0,0,1,29,114,205,288,344,366,363,329,264,175,113,30,1,0,0,0,0,0,366,8888,2622,8888,100
0,30,4,11,2018,0,0,0,0,0,1,8,26,32,59,28,24,40,60,63,24,15,4,0,0,0,0,0,0,63,8888,384,8888,101
0,30,4,12,2018,0,0,0,0,0,2,11,41,96,139,266,273,363,329,287,209,121,38,3,0,0,0,0,0,363,8888,2178,8888,102
0,30,4,13,2018,0,0,0,0,0,4,44,125,211,291,301,370,377,329,290,219,121,39,2,0,0,0,0,0,377,8888,2723,8888,103
0,30,4,14,2018,0,0,0,0,0,3,23,83,158,108,80,117,55,38,30,25,20,5,0,0,0,0,0,0,158,8888,745,8888,104
0,30,4,15,2018,0,0,0,0,0,0,3,7,10,17,25,44,47,47,25,26,16,15,2,0,0,0,0,0,47,8888,284,8888,105
0,30,4,16,2018,0,0,0,0,0,6,44,124,158,190,335,357,357,314,222,153,91,34,2,0,0,0,0,0,357,8888,2387,8888,106
0,30,4,17,2018,0,0,0,0,0,2,18,60,148,148,136,125,234,153,99,35,15,6,0,0,0,0,0,0,234,8888,1179,8888,107
0,30,4,18,2018,0,0,0,0,0,1,13,39,123,151,264,270,238,230,292,212,122,38,4,0,0,0,0,0,292,8888,1997,8888,108
0,30,4,19,2018,0,0,0,0,0,5,49,137,214,285,335,356,357,330,279,203,117,37,4,0,0,0,0,0,357,8888,2708,8888,109
0,30,4,20,2018,0,0,0,0,0,5,47,127,207,279,333,357,357,329,277,202,115,36,4,0,0,0,0,0,357,8888,2675,8888,110
0,30,4,21,2018,0,0,0,0,0,6,53,138,218,293,344,367,365,337,284,207,121,39,4,0,0,0,0,0,367,8888,2776,8888,111
0,30,4,22,2018,0,0,0,0,0,6,50,137,215,254,318,311,300,306,274,205,122,40,3,0,0,0,0,0,318,8888,2541,8888,112
0,30,4,23,2018,0,0,0,0,0,6,25,105,193,280,336,299,223,147,178,177,44,7,0,0,0,0,0,0,336,8888,2020,8888,113
0,30,4,24,2018,0,0,0,0,0,2,9,16,28,45,49,49,50,42,33,17,6,3,0,0,0,0,0,0,50,8888,349,8888,114
0,30,4,25,2018,0,0,0,0,0,1,5,14,20,32,33,42,52,49,37,35,11,2,0,0,0,0,0,0,52,8888,333,8888,115
0,30,4,26,2018,0,0,0,0,0,10,35,150,195,309,351,362,371,344,257,178,120,34,5,0,0,0,0,0,371,8888,2721,8888,116
0,30,4,27,2018,0,0,0,0,0,9,33,74,112,154,160,255,230,223,126,139,60,42,4,0,0,0,0,0,255,8888,1621,8888,117
0,30,4,28,2018,0,0,0,0,0,5,23,46,170,227,218,372,366,335,283,206,122,40,4,0,0,0,0,0,372,8888,2417,8888,118
0,30,4,29,2018,0,0,0,0,0,9,57,141,225,297,348,372,365,333,281,208,121,41,4,0,0,0,0,0,372,8888,2802,8888,119
0,30,4,30,2018,0,0,0,0,0,9,43,107,223,292,211,146,80,92,59,53,21,16,6,0,0,0,0,0,292,8888,1358,8888,120
0,30,5,1,2014,0,0,0,0,0,2,16,17,14,77,102,111,75,87,50,71,34,29,3,0,0,0,0,0,111,8888,688,8888,121
0,30,5,2,2014,0,0,0,0,0,2,15,96,223,180,218,214,196,274,203,200,112,38,6,0,0,0,0,0,274,8888,1977,8888,122
0,30,5,3,2014,0,0,0,0,0,12,50,66,101,106,33,22,30,77,154,169,134,43,5,0,0,0,0,0,169,8888,1002,8888,123
0,30,5,4,2014,0,0,0,0,0,11,62,147,231,291,265,302,261,294,197,160,85,29,4,0,0,0,0,0,302,8888,2339,8888,124
0,30,5,5,2014,0,0,0,0,0,2,12,20,19,24,27,26,21,14,10,5,6,2,0,0,0,0,0,0,27,8888,188,8888,125
0,30,5,6,2014,0,0,0,0,0,6,32,115,227,261,177,238,303,305,279,221,127,45,8,0,0,0,0,0,305,8888,2344,8888,126
0,30,5,7,2014,0,0,0,0,0,11,60,140,223,292,341,362,356,325,271,199,117,42,6,0,0,0,0,0,362,8888,2745,8888,127
0,30,5,8,2014,0,0,0,0,0,12,64,146,228,294,345,356,362,329,272,201,114,28,2,0,0,0,0,0,362,8888,2753,8888,128
0,30,5,9,2014,0,0,0,0,0,12,46,131,167,125,175,110,121,337,277,200,111,40,7,0,0,0,0,0,337,8888,1859,8888,129
0,30,5,10,2014,0,0,0,0,0,12,58,133,214,284,335,359,357,329,274,203,119,43,7,0,0,0,0,0,359,8888,2727,8888,130
0,30,5,11,2014,0,0,0,0,0,12,65,149,231,289,344,365,356,328,271,203,126,44,6,0,0,0,0,0,365,8888,2789,8888,131
0,30,5,12,2014,0,0,0,0,0,14,46,122,129,154,77,57,38,39,42,46,15,7,1,0,0,0,0,0,154,8888,787,8888,132
0,30,5,13,2014,0,0,0,0,0,14,54,135,213,289,339,358,350,324,271,197,116,42,7,0,0,0,0,0,358,8888,2709,8888,133
0,30,5,14,2014,0,0,0,0,0,13,48,128,189,232,226,179,128,96,74,35,30,14,3,0,0,0,0,0,232,8888,1395,8888,134
0,30,5,15,2014,0,0,0,0,0,5,20,61,82,87,67,45,41,41,21,15,22,12,3,0,0,0,0,0,87,8888,522,8888,135
0,30,5,16,2014,0,0,0,0,0,13,46,114,94,290,176,164,232,326,282,189,130,48,8,0,0,0,0,0,326,8888,2112,8888,136
0,30,5,17,2014,0,0,0,0,0,16,40,130,176,261,336,368,366,335,281,209,124,47,8,0,0,0,0,0,368,8888,2697,8888,137
0,30,5,18,2014,0,0,0,0,1,14,69,152,230,298,339,366,330,333,276,189,128,43,10,0,0,0,0,0,366,8888,2778,8888,138
0,30,5,19,2014,0,0,0,0,1,14,68,149,228,295,344,353,341,322,277,203,123,46,9,0,0,0,0,0,353,8888,2773,8888,139
0,30,5,20,2014,0,0,0,0,0,16,48,79,165,198,260,172,208,90,56,19,31,8,2,0,0,0,0,0,260,8888,1352,8888,140
0,30,5,21,2014,0,0,0,0,0,3,6,17,39,115,198,132,63,79,130,116,61,24,3,0,0,0,0,0,198,8888,986,8888,141
0,30,5,22,2014,0,0,0,0,0,4,17,39,52,115,59,200,154,95,190,168,89,14,2,0,0,0,0,0,200,8888,1198,8888,142
0,30,5,23,2014,0,0,0,0,0,5,15,16,27,66,147,177,178,178,91,86,49,39,6,0,0,0,0,0,178,8888,1080,8888,143
0,30,5,24,2014,0,0,0,0,1,18,59,138,221,264,305,313,353,279,173,179,90,30,9,0,0,0,0,0,353,8888,2432,8888,144
0,30,5,25,2014,0,0,0,0,1,15,42,115,174,227,168,149,236,300,254,188,92,32,13,0,0,0,0,0,300,8888,2006,8888,145
0,30,5,26,2014,0,0,0,0,0,6,16,25,23,39,29,14,17,26,12,10,6,5,1,0,0,0,0,0,39,8888,229,8888,146
0,30,5,27,2014,0,0,0,0,1,16,41,131,215,203,187,262,272,215,243,175,63,40,14,0,0,0,0,0,272,8888,2078,8888,147
0,30,5,28,2014,0,0,0,0,1,15,68,144,221,286,333,351,353,327,272,200,122,48,10,0,0,0,0,0,353,8888,2751,8888,148
0,30,5,29,2014,0,0,0,0,1,16,61,131,204,262,314,345,341,314,264,198,120,47,10,0,0,0,0,0,345,8888,2628,8888,149
0,30,5,30,2014,0,0,0,0,1,17,63,104,175,271,318,339,336,313,260,192,112,46,11,0,0,0,0,0,339,8888,2558,8888,150
0,30,5,31,2014,0,0,0,0,1,15,58,125,203,266,311,333,327,307,259,193,118,48,10,0,0,0,0,0,333,8888,2574,8888,151
0,30,6,1,2010,0,0,0,0,1,17,67,146,223,289,337,362,360,324,274,206,126,52,12,0,0,0,0,0,362,8888,2796,8888,152
0,30,6,2,2010,0,0,0,0,1,16,66,146,222,286,329,355,355,326,277,209,128,52,12,0,0,0,0,0,355,8888,2780,8888,153
0,30,6,3,2010,0,0,0,0,1,16,65,144,221,286,330,351,351,325,272,206,127,50,11,0,0,0,0,0,351,8888,2756,8888,154
0,30,6,4,2010,0,0,0,0,1,16,68,148,225,293,273,333,351,321,268,208,124,53,14,0,0,0,0,0,351,8888,2696,8888,155
0,30,6,5,2010,0,0,0,0,1,16,61,129,210,257,327,360,358,331,281,213,134,53,11,0,0,0,0,0,360,8888,2742,8888,156
0,30,6,6,2010,0,0,0,0,1,13,39,116,234,290,329,318,337,231,248,161,115,45,15,0,0,0,0,0,337,8888,2492,8888,157
0,30,6,7,2010,0,0,0,0,1,17,55,131,135,173,111,87,91,62,58,72,43,28,5,0,0,0,0,0,173,8888,1069,8888,158
0,30,6,8,2010,0,0,0,0,0,6,17,21,56,28,38,34,42,73,36,16,25,14,2,0,0,0,0,0,73,8888,408,8888,159
0,30,6,9,2010,0,0,0,0,0,8,32,87,170,217,285,339,329,324,262,201,125,51,12,0,0,0,0,0,339,8888,2442,8888,160
0,30,6,10,2010,0,0,0,0,1,13,43,103,209,276,320,346,339,307,260,195,99,51,15,0,0,0,0,0,346,8888,2577,8888,161
0,30,6,11,2010,0,0,0,0,1,17,61,131,205,268,314,334,329,306,259,200,125,52,13,0,0,0,0,0,334,8888,2615,8888,162
0,30,6,12,2010,0,0,0,0,1,16,62,135,209,273,318,340,340,314,263,203,125,56,11,0,0,0,0,0,340,8888,2666,8888,163
0,30,6,13,2010,0,0,0,0,0,13,51,74,90,90,83,63,57,35,32,51,40,7,6,0,0,0,0,0,90,8888,692,8888,164
0,30,6,14,2010,0,0,0,0,0,9,39,59,77,65,66,128,239,92,100,76,36,39,7,0,0,0,0,0,239,8888,1032,8888,165
0,30,6,15,2010,0,0,0,0,2,17,66,135,204,205,119,131,49,51,20,21,17,8,2,0,0,0,0,0,205,8888,1047,8888,166
0,30,6,16,2010,0,0,0,0,0,3,11,11,16,41,132,205,205,157,123,153,42,27,8,1,0,0,0,0,205,8888,1135,8888,167
0,30,6,17,2010,0,0,0,0,1,17,55,118,211,274,318,340,342,315,268,205,119,49,13,0,0,0,0,0,342,8888,2645,8888,168
0,30,6,18,2010,0,0,0,0,0,13,40,53,47,36,41,71,79,51,35,24,12,6,2,0,0,0,0,0,79,8888,510,8888,169
0,30,6,19,2010,0,0,0,0,0,1,16,32,105,134,227,194,115,122,105,112,98,54,7,0,0,0,0,0,227,8888,1322,8888,170
0,30,6,20,2010,0,0,0,0,0,19,53,102,157,225,145,170,286,186,162,82,38,18,2,0,0,0,0,0,286,8888,1645,8888,171
0,30,6,21,2010,0,0,0,0,1,5,13,36,43,52,99,138,159,190,146,142,111,46,15,1,0,0,0,0,190,8888,1197,8888,172
0,30,6,22,2010,0,0,0,0,0,3,15,50,131,184,216,119,138,206,272,180,122,55,15,0,0,0,0,0,272,8888,1706,8888,173
0,30,6,23,2010,0,0,0,0,0,3,8,19,28,46,76,143,202,48,47,68,95,62,14,1,0,0,0,0,202,8888,860,8888,174
0,30,6,24,2010,0,0,0,0,1,18,57,141,218,285,330,353,352,328,281,215,138,57,16,1,0,0,0,0,353,8888,2791,8888,175
0,30,6,25,2010,0,0,0,0,1,17,66,133,175,226,285,217,171,162,126,92,44,24,7,0,0,0,0,0,285,8888,1746,8888,176
0,30,6,26,2010,0,0,0,0,0,2,9,22,36,54,60,48,84,31,53,37,17,13,5,0,0,0,0,0,84,8888,471,8888,177
0,30,6,27,2010,0,0,0,0,0,7,25,40,76,167,149,227,298,198,90,47,17,17,9,0,0,0,0,0,298,8888,1367,8888,178
0,30,6,28,2010,0,0,0,0,0,3,46,75,120,118,221,84,149,222,206,116,52,28,8,0,0,0,0,0,222,8888,1448,8888,179
0,30,6,29,2010,0,0,0,0,0,3,4,8,20,45,170,154,117,52,96,81,44,41,11,0,0,0,0,0,170,8888,846,8888,180
0,30,6,30,2010,0,0,0,0,0,7,29,38,51,139,240,168,121,236,250,185,110,63,12,0,0,0,0,0,250,8888,1649,8888,181
0,30,7,1,2010,0,0,0,0,0,13,42,71,139,261,312,311,224,80,92,160,90,45,20,2,0,0,0,0,312,8888,1862,8888,182
0,30,7,2,2010,0,0,0,0,0,12,37,113,186,217,219,152,117,111,86,67,59,49,10,0,0,0,0,0,219,8888,1435,8888,183
0,30,7,3,2010,0,0,0,0,0,3,4,9,16,36,112,75,50,9,5,5,12,3,2,0,0,0,0,0,112,8888,341,8888,184
0,30,7,4,2010,0,0,0,0,0,3,6,12,20,42,31,43,48,52,27,29,23,23,5,0,0,0,0,0,52,8888,364,8888,185
0,30,7,5,2010,0,0,0,0,0,7,24,66,140,118,123,77,65,102,162,173,107,51,18,1,0,0,0,0,173,8888,1234,8888,186
0,30,7,6,2010,0,0,0,0,0,7,38,89,102,149,84,151,346,285,209,193,102,43,10,0,0,0,0,0,346,8888,1808,8888,187
0,30,7,7,2010,0,0,0,0,0,12,39,100,161,215,240,252,227,275,254,196,135,58,16,1,0,0,0,0,275,8888,2181,8888,188
0,30,7,8,2010,0,0,0,0,0,16,52,122,195,252,257,315,263,284,225,185,122,53,13,0,0,0,0,0,315,8888,2354,8888,189
0,30,7,9,2010,0,0,0,0,0,7,24,42,104,185,189,146,105,59,24,28,21,27,15,1,0,0,0,0,189,8888,977,8888,190
0,30,7,10,2010,0,0,0,0,0,11,44,102,126,219,187,331,244,178,135,174,119,53,13,0,0,0,0,0,331,8888,1936,8888,191
0,30,7,11,2010,0,0,0,0,0,2,12,36,28,41,61,97,57,54,33,26,18,11,5,0,0,0,0,0,97,8888,481,8888,192
0,30,7,12,2010,0,0,0,0,0,1,4,25,18,43,63,40,46,60,61,49,54,25,5,0,0,0,0,0,63,8888,494,8888,193
0,30,7,13,2010,0,0,0,0,0,1,5,13,26,39,74,82,97,75,39,29,19,8,3,0,0,0,0,0,97,8888,510,8888,194
0,30,7,14,2010,0,0,0,0,0,6,12,54,69,129,42,71,56,96,78,48,34,16,7,0,0,0,0,0,129,8888,718,8888,195
0,30,7,15,2010,0,0,0,0,0,6,13,49,41,55,132,145,141,102,21,77,79,29,4,1,0,0,0,0,145,8888,895,8888,196
0,30,7,16,2010,0,0,0,0,0,13,56,104,169,127,264,205,299,274,229,163,85,39,14,0,0,0,0,0,299,8888,2041,8888,197
0,30,7,17,2010,0,0,0,0,0,13,39,122,211,275,323,354,353,312,268,215,108,40,14,0,0,0,0,0,354,8888,2647,8888,198
0,30,7,18,2010,0,0,0,0,0,12,58,137,214,277,326,362,294,317,200,213,138,57,14,0,0,0,0,0,362,8888,2619,8888,199
0,30,7,19,2010,0,0,0,0,0,11,56,135,212,274,321,338,346,322,277,216,136,52,13,0,0,0,0,0,346,8888,2709,8888,200
0,30,7,20,2010,0,0,0,0,0,11,56,132,209,274,320,344,347,323,235,209,133,60,12,0,0,0,0,0,347,8888,2665,8888,201
0,30,7,21,2010,0,0,0,0,0,10,52,125,206,269,316,290,340,318,273,209,133,58,11,0,0,0,0,0,340,8888,2610,8888,202
0,30,7,22,2010,0,0,0,0,0,10,53,127,204,269,269,287,350,324,279,215,135,56,11,0,0,0,0,0,350,8888,2589,8888,203
0,30,7,23,2010,0,0,0,0,0,10,44,117,203,122,267,270,383,351,294,222,140,58,11,1,0,0,0,0,383,8888,2493,8888,204
0,30,7,24,2010,0,0,0,0,0,9,41,134,209,274,245,360,368,325,279,204,117,60,14,0,0,0,0,0,368,8888,2639,8888,205
0,30,7,25,2010,0,0,0,0,0,9,41,122,200,195,219,221,164,122,109,140,102,56,11,0,0,0,0,0,221,8888,1711,8888,206
0,30,7,26,2010,0,0,0,0,0,10,52,119,187,271,320,339,334,320,225,181,127,53,11,0,0,0,0,0,339,8888,2549,8888,207
0,30,7,27,2010,0,0,0,0,0,10,51,125,201,265,255,333,337,308,269,205,127,51,10,0,0,0,0,0,337,8888,2547,8888,208
0,30,7,28,2010,0,0,0,0,0,10,54,120,214,280,337,262,250,226,280,159,54,20,7,0,0,0,0,0,337,8888,2273,8888,209
0,30,7,29,2010,0,0,0,0,0,3,21,41,75,57,99,100,198,111,95,37,107,59,10,0,0,0,0,0,198,8888,1013,8888,210
0,30,7,30,2010,0,0,0,0,0,8,35,42,77,221,200,119,194,186,198,183,68,40,7,0,0,0,0,0,221,8888,1578,8888,211
0,30,7,31,2010,0,0,0,0,0,3,20,30,67,210,257,194,308,305,253,175,105,34,13,0,0,0,0,0,308,8888,1974,8888,212
0,30,8,1,2013,0,0,0,0,0,1,7,22,54,136,255,347,187,87,168,147,67,37,10,0,0,0,0,0,347,8888,1525,8888,213
0,30,8,2,2013,0,0,0,0,0,5,31,49,97,110,162,261,301,306,271,184,130,50,11,0,0,0,0,0,306,8888,1968,8888,214
0,30,8,3,2013,0,0,0,0,0,6,31,123,211,263,327,353,352,254,288,214,131,53,9,0,0,0,0,0,353,8888,2615,8888,215
0,30,8,4,2013,0,0,0,0,0,2,12,36,67,132,278,283,269,218,179,149,117,41,6,0,0,0,0,0,283,8888,1789,8888,216
0,30,8,5,2013,0,0,0,0,0,11,20,75,116,201,107,181,259,278,171,39,24,17,2,0,0,0,0,0,278,8888,1501,8888,217
0,30,8,6,2013,0,0,0,0,0,3,14,39,112,145,260,219,112,60,290,188,124,51,9,0,0,0,0,0,290,8888,1626,8888,218
0,30,8,7,2013,0,0,0,0,0,8,38,110,192,226,170,217,250,313,172,121,113,44,10,0,0,0,0,0,313,8888,1984,8888,219
0,30,8,8,2013,0,0,0,0,0,6,30,48,77,232,163,138,188,241,176,114,63,29,4,0,0,0,0,0,241,8888,1509,8888,220
0,30,8,9,2013,0,0,0,0,0,10,26,85,174,212,212,301,312,307,256,185,107,41,10,0,0,0,0,0,312,8888,2238,8888,221
0,30,8,10,2013,0,0,0,0,0,4,18,72,169,232,276,234,193,290,144,166,77,41,3,0,0,0,0,0,290,8888,1919,8888,222
0,30,8,11,2013,0,0,0,0,0,6,38,85,145,244,172,252,286,312,265,195,118,41,8,0,0,0,0,0,312,8888,2167,8888,223
0,30,8,12,2013,0,0,0,0,0,6,34,95,186,232,254,219,344,228,161,146,110,43,8,0,0,0,0,0,344,8888,2066,8888,224
0,30,8,13,2013,0,0,0,0,0,6,41,111,183,269,307,348,345,321,271,202,123,46,7,0,0,0,0,0,348,8888,2580,8888,225
0,30,8,14,2013,0,0,0,0,0,6,44,121,198,267,317,343,339,315,265,197,116,44,6,0,0,0,0,0,343,8888,2578,8888,226
0,30,8,15,2013,0,0,0,0,0,5,42,113,194,265,315,339,339,312,262,193,110,35,6,0,0,0,0,0,339,8888,2530,8888,227
0,30,8,16,2013,0,0,0,0,0,6,38,108,185,254,306,299,341,312,260,198,108,42,5,0,0,0,0,0,341,8888,2462,8888,228
0,30,8,17,2013,0,0,0,0,0,5,33,100,199,265,315,347,346,322,273,204,116,39,8,0,0,0,0,0,347,8888,2572,8888,229
0,30,8,18,2013,0,0,0,0,0,4,44,123,203,263,314,265,302,315,263,199,121,43,5,0,0,0,0,0,315,8888,2464,8888,230
0,30,8,19,2013,0,0,0,0,0,6,42,119,199,268,321,353,288,323,267,198,118,34,4,0,0,0,0,0,353,8888,2540,8888,231
0,30,8,20,2013,0,0,0,0,0,5,38,88,102,123,63,162,319,330,173,173,66,32,5,0,0,0,0,0,330,8888,1679,8888,232
0,30,8,21,2013,0,0,0,0,0,2,40,75,128,260,176,144,115,72,174,143,94,23,4,0,0,0,0,0,260,8888,1450,8888,233
0,30,8,22,2013,0,0,0,0,0,3,32,110,198,249,139,333,346,316,266,194,114,36,4,0,0,0,0,0,346,8888,2340,8888,234
0,30,8,23,2013,0,0,0,0,0,2,12,41,134,140,67,31,5,6,19,17,4,3,0,0,0,0,0,0,140,8888,481,8888,235
0,30,8,24,2013,0,0,0,0,0,3,23,54,87,134,122,100,63,58,61,99,48,6,2,0,0,0,0,0,134,8888,860,8888,236
0,30,8,25,2013,0,0,0,0,0,0,5,31,56,57,133,197,294,291,271,184,52,21,3,0,0,0,0,0,294,8888,1595,8888,237
0,30,8,26,2013,0,0,0,0,0,4,31,71,177,155,310,350,294,275,218,92,27,13,1,0,0,0,0,0,350,8888,2018,8888,238
0,30,8,27,2013,0,0,0,0,0,5,50,108,113,98,162,262,360,339,259,206,116,17,2,0,0,0,0,0,360,8888,2097,8888,239
0,30,8,28,2013,0,0,0,0,0,3,12,40,85,180,285,141,72,110,11,27,111,36,3,0,0,0,0,0,285,8888,1116,8888,240
0,30,8,29,2013,0,0,0,0,0,5,29,79,191,266,321,341,340,303,212,58,24,19,0,0,0,0,0,0,341,8888,2188,8888,241
0,30,8,30,2013,0,0,0,0,0,3,19,33,99,227,103,96,103,49,84,28,14,7,1,0,0,0,0,0,227,8888,866,8888,242
0,30,8,31,2013,0,0,0,0,0,1,27,104,75,170,137,125,179,186,72,100,29,3,0,0,0,0,0,0,186,8888,1208,8888,243
0,30,9,1,2010,0,0,0,0,0,4,40,115,75,202,329,348,336,224,264,194,106,31,1,0,0,0,0,0,348,8888,2269,8888,244
0,30,9,2,2010,0,0,0,0,0,3,38,132,111,203,215,332,298,172,158,72,86,33,3,0,0,0,0,0,332,8888,1856,8888,245
0,30,9,3,2010,0,0,0,0,0,2,25,108,174,196,134,34,124,140,94,85,73,19,1,0,0,0,0,0,196,8888,1209,8888,246
0,30,9,4,2010,0,0,0,0,0,2,20,92,214,280,300,355,351,323,271,198,114,31,1,0,0,0,0,0,355,8888,2552,8888,247
0,30,9,5,2010,0,0,0,0,0,2,44,130,214,284,314,336,344,265,179,157,123,30,1,0,0,0,0,0,344,8888,2423,8888,248
0,30,9,6,2010,0,0,0,0,0,2,22,54,110,284,225,293,226,286,185,59,44,14,0,0,0,0,0,0,293,8888,1804,8888,249
0,30,9,7,2010,0,0,0,0,0,2,49,130,160,111,117,191,132,51,34,31,15,7,0,0,0,0,0,0,191,8888,1030,8888,250
0,30,9,8,2010,0,0,0,0,0,0,1,3,5,21,47,22,100,116,83,69,17,3,0,0,0,0,0,0,116,8888,487,8888,251
0,30,9,9,2010,0,0,0,0,0,0,9,54,121,114,111,180,233,140,247,90,46,17,0,0,0,0,0,0,247,8888,1362,8888,252
0,30,9,10,2010,0,0,0,0,0,2,44,129,214,281,299,352,347,318,266,192,105,25,0,0,0,0,0,0,352,8888,2574,8888,253
0,30,9,11,2010,0,0,0,0,0,3,43,121,211,277,320,352,318,310,141,41,46,19,0,0,0,0,0,0,352,8888,2202,8888,254
0,30,9,12,2010,0,0,0,0,0,0,15,57,210,178,216,222,203,202,96,31,27,11,0,0,0,0,0,0,222,8888,1468,8888,255
0,30,9,13,2010,0,0,0,0,0,0,5,10,40,185,239,359,313,282,180,85,80,13,0,0,0,0,0,0,359,8888,1791,8888,256
0,30,9,14,2010,0,0,0,0,0,0,8,22,124,292,276,192,309,263,275,180,92,19,0,0,0,0,0,0,309,8888,2052,8888,257
0,30,9,15,2010,0,0,0,0,0,0,19,54,68,104,97,123,114,99,160,91,24,1,0,0,0,0,0,0,160,8888,954,8888,258
0,30,9,16,2010,0,0,0,0,0,0,1,12,45,148,130,111,144,72,73,169,65,14,0,0,0,0,0,0,169,8888,984,8888,259
0,30,9,17,2010,0,0,0,0,0,0,31,64,32,42,135,205,60,292,263,204,103,16,0,0,0,0,0,0,292,8888,1447,8888,260
0,30,9,18,2010,0,0,0,0,0,1,41,95,198,274,333,335,336,328,238,180,62,15,0,0,0,0,0,0,336,8888,2436,8888,261
0,30,9,19,2010,0,0,0,0,0,1,33,110,226,266,273,313,80,76,103,85,42,14,0,0,0,0,0,0,313,8888,1622,8888,262
0,30,9,20,2010,0,0,0,0,0,0,4,14,34,75,117,138,61,23,22,19,7,3,0,0,0,0,0,0,138,8888,517,8888,263
0,30,9,21,2010,0,0,0,0,0,0,1,13,17,25,73,234,102,233,185,139,61,9,0,0,0,0,0,0,234,8888,1092,8888,264
0,30,9,22,2010,0,0,0,0,0,0,6,19,31,28,90,37,99,106,133,46,9,1,0,0,0,0,0,0,133,8888,605,8888,265
0,30,9,23,2010,0,0,0,0,0,0,9,16,11,10,16,32,63,61,64,88,43,19,0,0,0,0,0,0,88,8888,432,8888,266
0,30,9,24,2010,0,0,0,0,0,0,17,42,73,119,254,238,115,119,106,72,29,6,0,0,0,0,0,0,254,8888,1190,8888,267
0,30,9,25,2010,0,0,0,0,0,0,26,31,73,264,220,364,343,283,262,156,96,14,0,0,0,0,0,0,364,8888,2132,8888,268
0,30,9,26,2010,0,0,0,0,0,0,42,137,228,300,352,288,266,164,233,122,39,3,0,0,0,0,0,0,352,8888,2174,8888,269
0,30,9,27,2010,0,0,0,0,0,0,37,128,219,289,337,373,305,311,187,86,16,0,0,0,0,0,0,0,373,8888,2288,8888,270
0,30,9,28,2010,0,0,0,0,0,0,6,26,76,214,100,65,61,198,161,109,59,9,0,0,0,0,0,0,214,8888,1084,8888,271
0,30,9,29,2010,0,0,0,0,0,0,32,102,159,186,344,350,342,254,117,107,23,3,0,0,0,0,0,0,350,8888,2019,8888,272
0,30,9,30,2010,0,0,0,0,0,0,5,24,45,120,93,43,76,53,70,94,90,15,0,0,0,0,0,0,120,8888,728,8888,273
0,30,10,1,2016,0,0,0,0,0,0,5,15,35,106,261,335,315,244,148,36,19,3,0,0,0,0,0,0,335,8888,1522,8888,274
0,30,10,2,2016,0,0,0,0,0,0,10,53,128,274,322,348,338,303,243,164,73,8,0,0,0,0,0,0,348,8888,2264,8888,275
0,30,10,3,2016,0,0,0,0,0,0,7,27,42,48,57,43,34,36,40,53,26,3,0,0,0,0,0,0,57,8888,416,8888,276
0,30,10,4,2016,0,0,0,0,0,0,9,34,48,120,186,289,302,164,115,67,22,2,0,0,0,0,0,0,302,8888,1358,8888,277
0,30,10,5,2016,0,0,0,0,0,0,10,34,95,137,133,121,86,30,18,106,52,10,0,0,0,0,0,0,137,8888,832,8888,278
0,30,10,6,2016,0,0,0,0,0,0,6,29,120,75,123,280,207,260,259,194,80,4,0,0,0,0,0,0,280,8888,1637,8888,279
0,30,10,7,2016,0,0,0,0,0,0,33,124,214,280,336,356,342,307,236,142,69,2,0,0,0,0,0,0,356,8888,2441,8888,280
0,30,10,8,2016,0,0,0,0,0,0,5,45,88,39,42,114,113,145,32,34,13,1,0,0,0,0,0,0,145,8888,671,8888,281
0,30,10,9,2016,0,0,0,0,0,0,3,7,18,19,35,93,96,102,99,38,13,2,0,0,0,0,0,0,102,8888,525,8888,282
0,30,10,10,2016,0,0,0,0,0,0,36,101,225,295,339,338,227,272,239,73,32,2,0,0,0,0,0,0,339,8888,2179,8888,283
0,30,10,11,2016,0,0,0,0,0,0,24,86,94,206,186,171,183,130,52,39,9,1,0,0,0,0,0,0,206,8888,1181,8888,284
0,30,10,12,2016,0,0,0,0,0,0,22,77,147,255,296,256,59,54,90,52,12,1,0,0,0,0,0,0,296,8888,1321,8888,285
0,30,10,13,2016,0,0,0,0,0,0,5,22,149,242,299,247,271,160,107,61,18,1,0,0,0,0,0,0,299,8888,1582,8888,286
0,30,10,14,2016,0,0,0,0,0,0,11,48,98,252,288,331,345,313,249,164,69,1,0,0,0,0,0,0,345,8888,2169,8888,287
0,30,10,15,2016,0,0,0,0,0,0,27,116,210,285,333,353,345,307,244,157,62,1,0,0,0,0,0,0,353,8888,2440,8888,288
0,30,10,16,2016,0,0,0,0,0,0,25,117,211,284,339,352,343,252,111,61,18,1,0,0,0,0,0,0,352,8888,2114,8888,289
0,30,10,17,2016,0,0,0,0,0,0,2,13,73,108,188,165,308,152,40,29,11,1,0,0,0,0,0,0,308,8888,1090,8888,290
0,30,10,18,2016,0,0,0,0,0,0,4,25,79,173,193,202,256,300,230,75,28,1,0,0,0,0,0,0,300,8888,1566,8888,291
0,30,10,19,2016,0,0,0,0,0,0,13,103,200,271,321,343,337,225,114,79,17,0,0,0,0,0,0,0,343,8888,2023,8888,292
0,30,10,20,2016,0,0,0,0,0,0,6,79,136,196,280,238,273,274,210,138,24,0,0,0,0,0,0,0,280,8888,1854,8888,293
0,30,10,21,2016,0,0,0,0,0,0,9,48,88,174,229,149,220,248,144,69,17,0,0,0,0,0,0,0,248,8888,1395,8888,294
0,30,10,22,2016,0,0,0,0,0,0,11,72,153,178,200,76,49,74,51,30,10,0,0,0,0,0,0,0,200,8888,904,8888,295
0,30,10,23,2016,0,0,0,0,0,0,15,75,139,191,222,146,141,66,69,47,13,0,0,0,0,0,0,0,222,8888,1124,8888,296
0,30,10,24,2016,0,0,0,0,0,0,21,117,205,284,330,351,342,302,240,154,54,0,0,0,0,0,0,0,351,8888,2400,8888,297
0,30,10,25,2016,0,0,0,0,0,0,15,43,31,37,38,109,118,99,113,59,6,0,0,0,0,0,0,0,118,8888,668,8888,298
0,30,10,26,2016,0,0,0,0,0,0,10,56,194,211,99,206,306,255,99,32,4,0,0,0,0,0,0,0,306,8888,1472,8888,299
0,30,10,27,2016,0,0,0,0,0,0,18,98,192,264,320,340,329,294,229,143,41,0,0,0,0,0,0,0,340,8888,2268,8888,300
0,30,10,28,2016,0,0,0,0,0,0,3,22,38,41,60,35,25,23,18,8,3,0,0,0,0,0,0,0,60,8888,276,8888,301
0,30,10,29,2016,0,0,0,0,0,0,1,12,13,76,148,85,69,103,165,57,18,0,0,0,0,0,0,0,165,8888,747,8888,302
0,30,10,30,2016,0,0,0,0,0,0,19,39,191,210,262,228,188,208,229,121,27,0,0,0,0,0,0,0,262,8888,1722,8888,303
0,30,10,31,2016,0,0,0,0,0,0,16,36,61,89,147,180,134,69,53,27,8,0,0,0,0,0,0,0,180,8888,820,8888,304
0,30,11,1,2017,0,0,0,0,0,0,19,79,126,230,269,263,256,316,239,151,51,0,0,0,0,0,0,0,316,8888,1999,8888,305
0,30,11,2,2017,0,0,0,0,0,0,15,42,158,216,256,334,328,268,217,130,43,0,0,0,0,0,0,0,334,8888,2007,8888,306
0,30,11,3,2017,0,0,0,0,0,0,14,90,181,252,302,320,309,158,79,149,19,0,0,0,0,0,0,0,320,8888,1873,8888,307
0,30,11,4,2017,0,0,0,0,0,0,0,8,20,23,30,14,34,10,24,17,3,0,0,0,0,0,0,0,34,8888,183,8888,308
0,30,11,5,2017,0,0,0,0,0,0,5,26,89,246,298,323,317,278,213,121,31,0,0,0,0,0,0,0,323,8888,1947,8888,309
0,30,11,6,2017,0,0,0,0,0,0,15,100,189,265,314,337,331,296,232,141,41,0,0,0,0,0,0,0,337,8888,2261,8888,310
0,30,11,7,2017,0,0,0,0,0,0,14,92,190,255,311,327,323,285,207,97,8,0,0,0,0,0,0,0,327,8888,2109,8888,311
0,30,11,8,2017,0,0,0,0,0,0,1,6,10,22,47,83,103,81,56,28,4,0,0,0,0,0,0,0,103,8888,441,8888,312
0,30,11,9,2017,0,0,0,0,0,0,3,92,64,34,147,173,133,114,112,84,8,0,0,0,0,0,0,0,173,8888,964,8888,313
0,30,11,10,2017,0,0,0,0,0,0,15,106,194,256,307,312,293,272,216,122,32,0,0,0,0,0,0,0,312,8888,2125,8888,314
0,30,11,11,2017,0,0,0,0,0,0,0,2,17,88,151,155,258,156,90,19,3,0,0,0,0,0,0,0,258,8888,939,8888,315
0,30,11,12,2017,0,0,0,0,0,0,9,61,117,193,168,271,298,278,215,112,16,0,0,0,0,0,0,0,298,8888,1738,8888,316
0,30,11,13,2017,0,0,0,0,0,0,15,93,183,254,300,263,174,206,195,82,17,0,0,0,0,0,0,0,300,8888,1782,8888,317
0,30,11,14,2017,0,0,0,0,0,0,0,3,7,10,14,15,16,15,7,38,6,0,0,0,0,0,0,0,38,8888,131,8888,318
0,30,11,15,2017,0,0,0,0,0,0,1,14,23,30,52,70,24,19,12,12,4,0,0,0,0,0,0,0,70,8888,261,8888,319
0,30,11,16,2017,0,0,0,0,0,0,1,3,28,10,80,21,41,20,34,21,15,0,0,0,0,0,0,0,80,8888,274,8888,320
0,30,11,17,2017,0,0,0,0,0,0,0,14,121,207,201,213,311,247,67,53,7,0,0,0,0,0,0,0,311,8888,1441,8888,321
0,30,11,18,2017,0,0,0,0,0,0,0,5,7,10,16,19,16,14,16,14,2,0,0,0,0,0,0,0,19,8888,119,8888,322
0,30,11,19,2017,0,0,0,0,0,0,2,55,44,154,59,28,27,40,23,64,3,0,0,0,0,0,0,0,154,8888,499,8888,323
0,30,11,20,2017,0,0,0,0,0,0,0,11,33,18,38,36,54,44,7,10,1,0,0,0,0,0,0,0,54,8888,252,8888,324
0,30,11,21,2017,0,0,0,0,0,0,2,75,100,214,216,284,315,245,231,124,26,0,0,0,0,0,0,0,315,8888,1832,8888,325
0,30,11,22,2017,0,0,0,0,0,0,2,68,158,169,102,75,67,46,22,6,1,0,0,0,0,0,0,0,169,8888,716,8888,326
0,30,11,23,2017,0,0,0,0,0,0,0,1,3,10,59,95,134,172,59,14,3,0,0,0,0,0,0,0,172,8888,550,8888,327
0,30,11,24,2017,0,0,0,0,0,0,0,6,43,56,33,15,19,17,16,3,1,0,0,0,0,0,0,0,56,8888,209,8888,328
0,30,11,25,2017,0,0,0,0,0,0,0,4,38,69,150,41,85,33,74,15,4,0,0,0,0,0,0,0,150,8888,513,8888,329
0,30,11,26,2017,0,0,0,0,0,0,2,26,130,136,42,35,9,9,8,3,0,0,0,0,0,0,0,0,136,8888,400,8888,330
0,30,11,27,2017,0,0,0,0,0,0,1,44,94,239,292,311,301,240,201,109,22,0,0,0,0,0,0,0,311,8888,1854,8888,331
0,30,11,28,2017,0,0,0,0,0,0,1,69,162,239,291,310,304,269,206,115,22,0,0,0,0,0,0,0,310,8888,1988,8888,332
0,30,11,29,2017,0,0,0,0,0,0,0,1,4,6,6,9,40,210,51,47,4,0,0,0,0,0,0,0,210,8888,378,8888,333
0,30,11,30,2017,0,0,0,0,0,0,0,4,17,13,21,40,45,19,9,8,1,0,0,0,0,0,0,0,45,8888,177,8888,334
0,30,12,1,2012,0,0,0,0,0,0,0,16,33,17,95,122,114,96,27,14,1,0,0,0,0,0,0,0,122,8888,535,8888,335
0,30,12,2,2012,0,0,0,0,0,0,1,60,164,233,134,117,88,61,25,10,1,0,0,0,0,0,0,0,233,8888,894,8888,336
0,30,12,3,2012,0,0,0,0,0,0,1,70,171,248,299,321,315,278,210,102,12,0,0,0,0,0,0,0,321,8888,2027,8888,337
0,30,12,4,2012,0,0,0,0,0,0,0,2,6,12,18,30,132,148,21,7,2,0,0,0,0,0,0,0,148,8888,378,8888,338
0,30,12,5,2012,0,0,0,0,0,0,0,6,14,27,75,62,23,35,23,11,1,0,0,0,0,0,0,0,75,8888,277,8888,339
0,30,12,6,2012,0,0,0,0,0,0,0,3,8,27,77,56,86,81,53,16,1,0,0,0,0,0,0,0,86,8888,408,8888,340
0,30,12,7,2012,0,0,0,0,0,0,0,9,44,7,21,25,47,25,99,17,4,0,0,0,0,0,0,0,99,8888,298,8888,341
0,30,12,8,2012,0,0,0,0,0,0,0,1,5,10,29,47,66,10,18,27,1,0,0,0,0,0,0,0,66,8888,214,8888,342
0,30,12,9,2012,0,0,0,0,0,0,0,4,21,20,29,143,44,88,26,26,2,0,0,0,0,0,0,0,143,8888,403,8888,343
0,30,12,10,2012,0,0,0,0,0,0,0,10,27,109,176,106,142,123,78,28,4,0,0,0,0,0,0,0,176,8888,803,8888,344
0,30,12,11,2012,0,0,0,0,0,0,0,7,96,129,78,142,132,133,26,6,2,0,0,0,0,0,0,0,142,8888,751,8888,345
0,30,12,12,2012,0,0,0,0,0,0,0,32,16,132,98,159,59,116,80,14,3,0,0,0,0,0,0,0,159,8888,709,8888,346
0,30,12,13,2012,0,0,0,0,0,0,0,14,65,180,277,315,309,240,187,127,23,0,0,0,0,0,0,0,315,8888,1737,8888,347
0,30,12,14,2012,0,0,0,0,0,0,0,36,155,238,236,287,227,246,151,54,7,0,0,0,0,0,0,0,287,8888,1637,8888,348
0,30,12,15,2012,0,0,0,0,0,0,0,4,25,12,16,20,16,21,10,2,0,0,0,0,0,0,0,0,25,8888,126,8888,349
0,30,12,16,2012,0,0,0,0,0,0,0,1,7,142,228,225,170,78,46,16,3,0,0,0,0,0,0,0,228,8888,916,8888,350
0,30,12,17,2012,0,0,0,0,0,0,0,21,100,178,129,230,194,138,73,9,1,0,0,0,0,0,0,0,230,8888,1073,8888,351
0,30,12,18,2012,0,0,0,0,0,0,0,3,11,33,67,64,53,47,35,35,4,0,0,0,0,0,0,0,67,8888,352,8888,352
0,30,12,19,2012,0,0,0,0,0,0,0,7,46,79,128,76,95,162,59,24,3,0,0,0,0,0,0,0,162,8888,679,8888,353
0,30,12,20,2012,0,0,0,0,0,0,0,16,54,37,59,64,191,165,28,20,1,0,0,0,0,0,0,0,191,8888,635,8888,354
0,30,12,21,2012,0,0,0,0,0,0,0,8,34,62,204,106,52,39,59,18,2,0,0,0,0,0,0,0,204,8888,584,8888,355
0,30,12,22,2012,0,0,0,0,0,0,0,2,6,16,14,20,22,23,26,12,1,0,0,0,0,0,0,0,26,8888,142,8888,356
0,30,12,23,2012,0,0,0,0,0,0,0,21,122,201,263,91,80,22,19,6,1,0,0,0,0,0,0,0,263,8888,826,8888,357
0,30,12,24,2012,0,0,0,0,0,0,0,40,22,44,81,75,82,91,67,22,6,0,0,0,0,0,0,0,91,8888,530,8888,358
0,30,12,25,2012,0,0,0,0,0,0,0,23,16,25,26,21,16,11,9,8,2,0,0,0,0,0,0,0,26,8888,157,8888,359
0,30,12,26,2012,0,0,0,0,0,0,0,5,18,45,121,102,63,60,36,16,2,0,0,0,0,0,0,0,121,8888,468,8888,360
0,30,12,27,2012,0,0,0,0,0,0,0,22,95,198,273,260,178,90,57,30,5,0,0,0,0,0,0,0,273,8888,1208,8888,361
0,30,12,28,2012,0,0,0,0,0,0,0,4,16,35,35,29,25,15,7,3,0,0,0,0,0,0,0,0,35,8888,169,8888,362
0,30,12,29,2012,0,0,0,0,0,0,0,28,150,208,229,222,295,280,203,112,5,0,0,0,0,0,0,0,295,8888,1732,8888,363
0,30,12,30,2012,0,0,0,0,0,0,0,2,5,9,12,14,9,5,6,5,1,0,0,0,0,0,0,0,14,8888,68,8888,364
0,30,12,31,2012,0,0,0,0,0,0,0,1,6,17,18,16,37,21,54,34,7,0,0,0,0,0,0,0,54,8888,211,8888,365
