0,30,1,1,2011,0.7,0.7,0.9,1.3,1.3,1.6,0.7,1.3,0.3,0.9,1.2,0.5,1.5,1.1,0.5,0.6,0.7,1.1,0.6,0.6,0.9,0.8,0.8,0.8,8888,8888,8888,8888,1
0,30,1,2,2011,0.9,0.8,0.7,0.9,1,0.9,1,1.2,1.1,1.6,3.3,4.5,4.1,3.8,3.8,3.8,3.4,2.8,3,2.5,1.5,0.9,-0.4,-0.4,8888,8888,8888,8888,2
0,30,1,3,2011,-0.8,-1,-1.3,-1.5,-1.4,-1.5,-2,-1.7,-2.2,-0.4,0.4,3.2,3.8,5.5,6,6.4,5.9,4.5,4,3.8,0.9,0.1,-0.2,-0.7,8888,8888,8888,8888,3
0,30,1,4,2011,-0.9,-0.9,-0.6,-1,-1.1,-1.5,-0.9,-0.6,-0.6,0,1.6,1,2.9,3.6,2.8,2.2,2.1,1.8,2,1.7,1.6,1.5,1.4,1.4,8888,8888,8888,8888,4
0,30,1,5,2011,1.3,1.1,1.1,0.8,0.9,1.4,0.9,1,1,1.4,2.4,4.1,6.2,6.2,6,5.6,4.8,4.5,3.8,3.3,3.9,3.1,3.9,3.8,8888,8888,8888,8888,5
0,30,1,6,2011,3.1,2.5,2.6,2.2,2,0.7,0.5,1,1.8,1.1,1.7,2.9,1.6,0.9,1,1.1,1.2,1.2,1,0.7,0.8,1.2,0.9,0.7,8888,8888,8888,8888,6
0,30,1,7,2011,0.5,-0.2,0.3,-0.5,-0.4,-0.2,-1,-0.7,-0.4,0.8,1.1,0.9,2,2.5,2.5,0.7,1.4,1.3,0.9,0.2,0,-0.3,-0.4,-0.6,8888,8888,8888,8888,7
0,30,1,8,2011,-1.1,-1.2,-1.4,-1.9,-1.9,-2.3,-2,-1.3,-1.3,-0.7,-0.1,0.7,1.9,3.1,3.6,3,3,2.6,2.6,2.6,2.5,2.1,2,1.9,8888,8888,8888,8888,8
0,30,1,9,2011,1.5,1.6,2.1,2.3,2.6,2,2.4,2.7,2.9,3.4,3.8,4.3,4.4,4.2,3.8,3.3,2.7,3.1,1.7,1.4,1.2,0.7,0.2,-0.3,8888,8888,8888,8888,9
0,30,1,10,2011,-0.2,0.1,0.2,0,-0.6,-0.6,-1.8,-1.2,-1.1,-0.5,0.8,0.9,1.6,1.4,1.3,0.2,0,-0.3,-0.3,-0.5,-1.6,-1,-1.7,-1.7,8888,8888,8888,8888,10
0,30,1,11,2011,-2.4,-2.3,-3.3,-3,-2.6,-2.8,-2.5,-2.4,-2.2,-1.2,-0.1,1.2,2.8,3.7,4.6,4.6,4.7,3.5,2.9,2.6,0.5,0.6,0.6,0.5,8888,8888,8888,8888,11
0,30,1,12,2011,0.3,0.6,0.5,0.9,1.4,1.7,1.6,1.9,2.4,2.2,1.4,3.1,2.5,1.4,1.5,0.9,1.2,1.3,0.7,0.3,0.8,0.7,0.5,0.6,8888,8888,8888,8888,12
0,30,1,13,2011,0.5,0.5,0.6,0.5,0.1,-0.4,-0.2,-0.7,-0.7,0.2,1,1.8,1.9,2.9,3.2,3.6,2.6,2,1,-0.3,-0.7,-0.7,-1.2,-2.3,8888,8888,8888,8888,13
0,30,1,14,2011,-1.9,-1.3,-1.1,-0.7,-0.6,-0.7,-0.6,-0.8,0,0.7,0.9,1.1,0.9,1.5,2.5,2.8,2.6,1.8,1.8,1.3,1.3,0.9,1,1.2,8888,8888,8888,8888,14
0,30,1,15,2011,1.7,2.1,2.2,1.7,1.3,2.4,1.7,0.5,1.5,0.9,1,1.5,0.7,0.3,0.3,1.3,2.4,2.9,3,0.1,0.3,0.9,1.4,1.1,8888,8888,8888,8888,15
0,30,1,16,2011,-0.5,-1.4,-1.8,-0.9,-1.1,-1.2,-1.6,-1.1,-0.4,-0.5,0.2,-0.8,-0.1,1,0.6,1.1,1,-0.4,0,0.6,1.2,-0.4,0.1,0,8888,8888,8888,8888,16
0,30,1,17,2011,0.9,1.1,0.9,0.5,0.7,0.3,0.3,0.8,1.2,1.2,0.9,1.4,1.4,2.8,3.2,3,2.2,2.4,0.8,0.7,0.8,0.9,1.2,0.5,8888,8888,8888,8888,17
0,30,1,18,2011,0.7,1.7,1,1.2,1,0.2,0.5,0.8,0.8,1.3,1.6,3.1,2,2.5,3.7,3.7,3,2.8,2.4,2,2.4,2.1,1.2,1,8888,8888,8888,8888,18
0,30,1,19,2011,1.1,1.8,1,0.6,1,1.4,1,1.1,1.4,1.2,1.3,2.5,5.9,4,3,3.4,2.6,1.9,1.6,1.3,1.1,0.7,2.4,1.3,8888,8888,8888,8888,19
0,30,1,20,2011,1.2,0.9,0.8,1.2,1,0.9,0.8,0.6,0.5,1.3,1.8,0.5,1.5,1.2,0.9,0.6,0.7,0.8,0.7,0.6,1,1,1,0.9,8888,8888,8888,8888,20
0,30,1,21,2011,0.7,0.6,0.5,0.2,0.3,0.2,0.1,0,0.1,0.7,1.3,2.5,3.6,4,4.5,4.3,4,3.2,2.2,2.1,1.7,1.6,1.5,1.6,8888,8888,8888,8888,21
0,30,1,22,2011,1.4,1.2,0.6,1,0.9,0.7,0.6,0.8,1.2,1.6,1.9,2.9,3.2,2.9,3.2,2.9,2.8,2.1,2.4,2.4,2,1.5,1.2,0.9,8888,8888,8888,8888,22
0,30,1,23,2011,1,1,1,1.1,1,0.8,1.3,0.7,1.1,0.8,1.6,1.9,2.9,4,4.8,4.5,4.4,3.8,2,1.5,1.4,1.5,1,1.1,8888,8888,8888,8888,23
0,30,1,24,2011,0.6,-0.4,-0.5,-1.2,-1.4,-0.4,0,0.5,0.7,0.9,1.3,1.8,2.7,2.6,2.4,3.3,2,1.3,1.5,0.3,0.8,0.8,1.5,0.9,8888,8888,8888,8888,24
0,30,1,25,2011,1.7,0.8,0.5,0.6,0.8,0.2,0.5,0.6,0.6,0.5,0.6,0.9,1.5,1.3,1.2,1.4,1.5,1.3,0.9,0.8,0.7,0.6,0.3,0.4,8888,8888,8888,8888,25
0,30,1,26,2011,0.5,0.4,0.6,0.6,0.2,0,0.1,1.1,1.4,1.8,2.5,4,3.1,1.4,0.6,0.5,0.5,1,1.7,1.9,1.3,2.1,1.1,0.7,8888,8888,8888,8888,26
0,30,1,27,2011,0.4,-0.3,-0.3,-0.1,-0.1,-0.5,-0.8,-0.5,0.1,0.8,1.4,1.4,0.6,0.5,1,0.5,0.3,0.5,0.5,0.2,0.1,0.1,0,0.3,8888,8888,8888,8888,27
0,30,1,28,2011,0.2,0.3,0,0.1,0,0.3,0.1,0.5,0.2,0.6,1.3,1.8,1.8,2,2,2.1,1.3,1,0.7,0,-0.2,-0.8,-0.7,-1.2,8888,8888,8888,8888,28
0,30,1,29,2011,-1.5,-1.7,-1.2,-1.8,-1.7,-1.4,-1.5,-1.6,-1.2,-0.6,-0.4,0.1,0.4,0.4,0.6,0.5,0.9,0.7,0.5,1.8,0.6,-0.4,0.1,0.9,8888,8888,8888,8888,29
0,30,1,30,2011,0.5,-0.2,0,-1.4,-1.5,-1.4,-1.5,-2.1,-1.5,-1.4,-1,0.1,0.3,0.2,-0.8,-1,-0.6,-0.8,-0.9,-0.9,-1.3,-1.6,-1.6,-1.7,8888,8888,8888,8888,30
0,30,1,31,2011,-1.8,-1.8,-1.8,-2,-2,-1.9,-1.8,-2.2,-1.8,-1.7,-1.3,-0.4,0.8,1,1.3,0.5,0,-0.1,0,-1.3,0,-0.4,0,0.2,8888,8888,8888,8888,31
0,30,2,1,2016,4.5,5.1,4.5,3.4,3.1,2.7,2.6,2.6,2.7,2.9,2.9,3.5,4.1,4.5,4.8,4.5,4.2,3.8,3.6,3.3,3,2.7,1.8,1.7,8888,8888,8888,8888,32
0,30,2,2,2016,1.1,1.1,0,-0.2,-0.6,-1,-0.7,-1,-0.2,1.4,5.1,6,6.2,5.6,4.9,5.1,3.8,3.2,2.5,2.6,2.2,1.7,1.4,1.5,8888,8888,8888,8888,33
0,30,2,3,2016,0.9,0.6,0.1,0.1,-0.8,-1.1,-1.3,-1,-0.7,0.9,3.7,5.7,6,6.5,6.5,7.1,6.3,5.1,3.9,3.8,1.9,1.3,0.8,0.5,8888,8888,8888,8888,34
0,30,2,4,2016,0,-0.4,-0.7,-1.1,-1.1,-1,-0.7,-0.2,0.3,1.3,3.4,5.6,6.1,7,6.5,6,5,4,3.4,3,2.9,2.5,2.6,2.2,8888,8888,8888,8888,35
0,30,2,5,2016,2.6,3.4,3.2,3.2,2.9,2.5,2.8,2.5,2.8,3.5,5.4,6.7,7,7,7.1,7.7,7.8,7,6.3,5.2,5,4.6,4.5,4.5,8888,8888,8888,8888,36
0,30,2,6,2016,4.4,4,3.7,3.3,2.8,2.8,2.9,2.9,2.7,3.5,4.4,6.7,6.5,7,5.9,4.3,3.6,3.6,3,2.7,2.8,2.5,2.4,2,8888,8888,8888,8888,37
0,30,2,7,2016,2.2,1.7,1.6,1,0.7,0.3,0.4,0.4,1.4,3.2,4,5.6,4.3,5.5,5.9,5,4.3,3.4,2.2,1.7,0.8,0.2,-0.4,-0.7,8888,8888,8888,8888,38
0,30,2,8,2016,-0.9,-1.4,-1.3,-0.9,-0.5,-1.2,-1.3,-1.4,-0.3,1.5,3.7,6,7,8.3,9.6,9.6,9.2,8.6,7.3,4.9,4.1,3.7,4.3,5.1,8888,8888,8888,8888,39
0,30,2,9,2016,6.4,6.1,5.5,5.2,4.9,5.7,4.4,5.6,4,4,4.6,6.6,7.2,3.6,5.7,6.1,7,5.9,4.9,3.2,3.5,3.1,4.7,3.4,8888,8888,8888,8888,40
0,30,2,10,2016,2.6,2.9,1.6,1.6,2.3,2.1,1.3,1.5,1.2,2.7,3.8,4.2,5,4.4,5.9,6,6,4.9,4.8,3.8,2.9,1.5,0.6,0.3,8888,8888,8888,8888,41
0,30,2,11,2016,-0.2,-0.5,-0.7,-0.8,-1,-1.3,-1.7,-1.5,-0.8,1.5,3.6,6.5,8.2,8.9,9.9,9.9,9.6,8.5,7.3,5.3,3.6,3.1,2.9,2.5,8888,8888,8888,8888,42
0,30,2,12,2016,1.6,1.6,0.8,0.9,1.1,0.9,0.6,1,2.4,5.8,9.9,14.6,15.8,15.1,14,13.7,13.7,13.2,12.6,12.2,12.1,12.1,12.4,12.5,8888,8888,8888,8888,43
0,30,2,13,2016,12.2,10.4,10.4,9.9,10.5,12,12.2,12.5,12.9,12.1,14.1,13.8,14.4,14.5,14.4,15,13.5,13.6,13.3,14.1,14.3,14.9,16.6,14.8,8888,8888,8888,8888,44
0,30,2,14,2016,15.3,14.2,14,13.7,13.7,14.1,14.7,15.3,14.6,15,15.4,14.7,13.5,12.8,11.2,10.3,9.8,9.3,8.9,9,8.9,8.6,8.2,8.1,8888,8888,8888,8888,45
0,30,2,15,2016,8.1,8.1,7.3,6.4,6,6,3.9,3.7,2.6,2.9,2.4,3.8,3.1,2.3,2.2,1.7,1.6,0.9,1,0.9,0.4,0.4,0.5,0.6,8888,8888,8888,8888,46
0,30,2,16,2016,0.2,-0.2,-0.2,-0.4,-0.4,-0.4,-0.6,-0.4,-0.2,0.3,0.5,0.8,1.1,1.7,1.6,1,0.6,0.9,1.3,1.2,1.2,1.5,0.8,0.7,8888,8888,8888,8888,47
0,30,2,17,2016,0.4,0.7,0.9,1.6,0.9,0.7,1,0.5,0.7,1.2,1,1.2,1.3,2.4,3.3,2.3,2.7,1.8,1.5,1.2,1.3,0.9,0.4,0.6,8888,8888,8888,8888,48
0,30,2,18,2016,0.3,-0.2,0.3,0.5,0.6,0.8,0.6,0.8,1,2.1,3.3,5.3,7,7.8,8.9,9.6,9.5,8.8,5.3,5,3.7,3.2,2.5,1.9,8888,8888,8888,8888,49
0,30,2,19,2016,2.4,2,1.8,1.6,1.9,2.1,2,2.3,4.1,6.2,9.1,11.4,11.7,11.9,12.3,12.1,11.8,11.6,8.9,8.1,7.2,6.8,6.3,6.1,8888,8888,8888,8888,50
0,30,2,20,2016,6.3,5.3,5.8,5.4,5,5.3,5.1,4.7,5.4,6.1,6,6.3,6.9,7.6,7.9,7.6,6.6,6.7,7.1,6.8,6.8,7.1,6.8,6.9,8888,8888,8888,8888,51
0,30,2,21,2016,6.9,7.1,7.8,8.2,8.2,7.7,7.5,6.9,7.3,7.4,7.2,6.9,6.9,7.1,6.7,6.9,5.7,4.8,5.4,5.5,5.4,4.9,4.2,3.8,8888,8888,8888,8888,52
0,30,2,22,2016,3.3,2.6,2.6,2.7,2.5,2.4,2.4,2.2,2.8,3.6,4.5,5.8,6.8,6.8,6.8,7.2,7.3,6.8,6.5,6.2,5.5,5,4.8,4.8,8888,8888,8888,8888,53
0,30,2,23,2016,4.6,4.3,4.3,4.1,3.7,3.1,3,3,3.8,5.5,7.2,8.6,9.2,9.4,9.4,9.4,7.7,7,6.4,6.2,6.1,6.2,6.7,6.5,8888,8888,8888,8888,54
0,30,2,24,2016,6,5.4,4.8,4.2,3.4,3.5,3.2,3.3,2.9,3.3,2.9,4,4.1,4.3,4.4,5.5,3.5,3.1,2.6,1.6,0.6,0.7,0.7,0.7,8888,8888,8888,8888,55
0,30,2,25,2016,0.5,0.4,0.2,0.2,0.1,-0.1,0,0,0.2,1.7,2.8,4.2,5.2,6.6,6,6.5,6.7,3.4,1.3,1.4,1.4,1.6,1.8,2.1,8888,8888,8888,8888,56
0,30,2,26,2016,1.9,1.7,1.7,1.1,1.1,0.2,0.3,0.1,0.6,0.5,0.9,0.5,1.3,1.7,1.6,1.9,2.3,2.5,2.2,1.8,1.5,1.3,0.9,0.4,8888,8888,8888,8888,57
0,30,2,27,2016,0.6,-0.1,-0.4,0.2,-0.4,-0.6,-0.5,-0.3,0,1.6,3.2,5.7,7.7,9,9.4,9.9,8.9,8.2,7.5,6.9,7.2,6.6,5.6,5.3,8888,8888,8888,8888,58
0,30,2,28,2016,4.6,3.9,3.4,3,2.7,2.5,2.5,2,2.3,2.6,5.3,7.8,10.7,12.5,13.4,14.7,15.2,14.6,12.2,10.3,11.3,11.6,11.4,11.8,8888,8888,8888,8888,59
0,30,3,1,2011,6.2,5.7,5.5,5.6,5.6,5.3,5.2,5,5.3,6,6.4,6.8,6.6,6.6,6.4,5.7,5.5,5.7,5.3,5.1,4.7,4.7,4.4,3.9,8888,8888,8888,8888,60
0,30,3,2,2011,3.9,4,3.9,3.8,3.6,4.2,4,3.5,3.2,3.4,3.3,3.5,3.7,4,4.9,4.7,5.2,1.7,2,2.3,0.5,0.5,0.5,0.5,8888,8888,8888,8888,61
0,30,3,3,2011,0.5,0.8,-0.2,0.6,-0.4,-0.3,-0.8,-1.2,0.1,-0.5,1.1,2.8,1.8,2.6,2.7,2.7,2.5,1.4,1.5,1.3,1.2,-0.1,-0.5,-0.5,8888,8888,8888,8888,62
0,30,3,4,2011,-0.6,-0.7,-0.9,-0.1,0.2,-0.5,0.5,0.3,0,1.6,1.8,1.4,1,2.7,3.5,3.8,2.9,3.3,1.7,1.2,1.3,1.3,0.5,0.4,8888,8888,8888,8888,63
0,30,3,5,2011,0.7,0.9,0.9,0.8,0.8,1,0.9,0.8,1.2,3.4,5.5,5.8,6.6,7.2,8.1,7.8,8.2,7.7,6.7,4.6,3.7,2.9,2.1,1.9,8888,8888,8888,8888,64
0,30,3,6,2011,1.5,1.2,1.2,1.3,0.8,1.6,1.7,1.8,3.3,5.8,7.7,8.3,8.9,10.1,10.2,10.3,10.3,10,9.4,7.7,6.3,5.6,5,5.3,8888,8888,8888,8888,65
0,30,3,7,2011,4.9,4.6,4.8,4.4,4.2,4.2,4.1,3.9,4.4,6,7.9,9.2,9.1,8.1,5.9,6.2,5.4,5.3,5.2,5.1,4.6,4.3,3.7,3.6,8888,8888,8888,8888,66
0,30,3,8,2011,3.5,3.3,2.9,2.8,2.5,2.5,1.2,1.2,2,3.6,4.6,6,6.2,6.1,6.5,5.3,5,3.8,2.2,2.1,2.4,2.4,2,1.8,8888,8888,8888,8888,67
0,30,3,9,2011,1.5,0.9,1.1,1,0.5,0.6,0.7,0.9,1.7,3.1,1.6,1,5.7,3.4,1.8,4.3,1.4,2.2,1.6,1.7,2.8,2.4,1.1,0.5,8888,8888,8888,8888,68
0,30,3,10,2011,0.8,1.9,1,0.6,0.3,0.2,0.1,0.2,0.5,1.6,3.4,4.3,5.4,5,5,5.1,3.8,3.1,1.9,1.4,1,1.3,1.6,1.3,8888,8888,8888,8888,69
0,30,3,11,2011,1,1,1.1,0.6,0.9,0.8,0.8,0.3,1.1,0.5,0.9,0.9,0.7,1.1,1.1,2,1.3,0.6,0.9,1.2,1.1,0.9,0.6,0.7,8888,8888,8888,8888,70
0,30,3,12,2011,0.6,0.4,0.3,0,-0.2,-0.4,-0.5,-0.6,-0.5,1,2.6,4,6.8,8.4,10.2,11.3,11.1,10.7,8,6.8,5.7,4.9,4.3,3.9,8888,8888,8888,8888,71
0,30,3,13,2011,3,2.3,2.2,1.8,1.5,1.5,1.7,1.2,2.4,6.5,9.9,13.1,14.5,15.7,16.4,16.7,16.7,16.3,12.9,11.8,8.6,8.4,7.8,6.7,8888,8888,8888,8888,72
0,30,3,14,2011,6.7,5.7,6.8,5.3,5.3,4.3,6,5.2,7.5,11.1,15.1,17.1,18.2,18.8,18,17.9,16.9,14.8,13.9,12.8,12,11.8,10.1,9.6,8888,8888,8888,8888,73
0,30,3,15,2011,9.2,8.8,8.3,8,7.9,7.5,7.5,7.5,7.6,8.6,9.4,10.4,10.8,11.3,12.2,12.4,12.4,11.2,9.6,9.1,9.1,8.3,7,6.5,8888,8888,8888,8888,74
0,30,3,16,2011,6.4,6.9,6.3,6,4.3,4.7,3.6,4.9,5.2,3.6,3.3,2.6,2.6,1.7,2.1,3.5,3.8,2.5,1.4,1,1.2,1.5,0.3,0.5,8888,8888,8888,8888,75
0,30,3,17,2011,-0.6,-0.3,0,-0.2,-1,-1.2,-1.5,-1.5,-0.3,-0.5,-0.7,-0.1,0.7,1.7,2.6,0.9,2.5,0.4,0.6,1.1,-0.3,-0.1,0,0.5,8888,8888,8888,8888,76
0,30,3,18,2011,1,1.3,0.6,-0.4,-0.6,-0.5,-0.4,-1.1,-0.1,1.5,3.5,4,4.9,5,5.8,7.1,6.5,6.4,5.7,3.9,3.4,3.1,2.7,2.5,8888,8888,8888,8888,77
0,30,3,19,2011,2.5,2.4,3.1,3.3,3.4,4.1,3.8,5.2,6.9,8.7,11.6,14.4,15.7,15,15.9,15.5,15,14.3,13,12.1,9.2,8.5,8.8,8.6,8888,8888,8888,8888,78
0,30,3,20,2011,7.5,7.4,7,6.9,6.5,6.6,6.6,6.9,8.4,9.8,12.4,15,16.7,16.8,16.8,14.2,12.8,12.4,12.9,13,13,11.8,10.8,11.2,8888,8888,8888,8888,79
0,30,3,21,2011,10.9,10.7,9.9,10.5,9.9,9.7,9.4,9.2,9.5,11,11,10,10,10.3,10,10.3,10,9.5,9,8.7,8.4,8,7.6,7.7,8888,8888,8888,8888,80
0,30,3,22,2011,7.8,7.5,7.4,7.5,7.4,7.3,6.9,6.6,7.4,8.9,10.6,11.3,12.2,13.1,12.8,10.9,10.8,9.7,9.1,7.9,5.8,4.6,4.4,4.2,8888,8888,8888,8888,81
0,30,3,23,2011,4.4,4.8,3.8,2.5,2.6,2.5,2.8,3,3.5,4.4,4.9,5.5,6.2,6.6,7.2,7.1,6.5,5.5,4.6,3.7,3.6,1.9,1.1,0.8,8888,8888,8888,8888,82
0,30,3,24,2011,0.4,0,-0.4,-0.4,-0.7,0.2,-0.1,0.6,0.1,3.4,5.1,4.4,2.7,3.5,3.4,4.4,3.2,3.7,3.7,2.7,3,2.5,2.4,2.6,8888,8888,8888,8888,83
0,30,3,25,2011,2.1,2,1.7,1.6,1.6,0.9,0.5,0.4,1.7,4.9,6.2,7.9,9.6,9.4,8.5,7.8,6.1,5.3,6,6.1,5,5.5,4.6,4.1,8888,8888,8888,8888,84
0,30,3,26,2011,5,4.7,4.7,4.6,3.2,3.3,3.3,3.6,3.9,4.9,4.5,6.5,5.9,5.4,6.7,5.1,5.4,3.8,2.6,2.4,0.9,1.3,1,1,8888,8888,8888,8888,85
0,30,3,27,2011,0.4,0.5,0.2,0.1,0,0.2,-0.1,0.6,1.2,3.1,4.8,6.1,7.3,7.4,8.4,6.8,6.3,6.5,5.5,4.5,4,2.8,1.6,1.1,8888,8888,8888,8888,86
0,30,3,28,2011,0.5,0.2,-0.3,-0.8,-0.8,-1.3,-1.5,-0.6,1.9,3.9,6,7.9,9.7,10.4,12,11,10.2,9,7.7,6.6,5.3,4.3,3.8,3.3,8888,8888,8888,8888,87
0,30,3,29,2011,2.7,2.4,1.6,1.2,0.8,1.4,0.7,1.7,4,7.3,11.3,12.4,12.9,13.4,14.1,14.7,13.8,12.6,11.1,10.1,7.9,6.8,5.7,5.1,8888,8888,8888,8888,88
0,30,3,30,2011,4.8,4.1,3.8,3.5,3.3,3.7,2.8,4.2,4.7,7.7,9.9,11.1,11.1,8.6,12.2,12.1,12,11.5,10.4,9,8.2,6.8,6.2,6,8888,8888,8888,8888,89
0,30,3,31,2011,5.6,5.1,4.6,4.4,4.1,3.6,3.4,4.2,5.7,7.8,12.4,13,13.1,13.3,13.2,13.4,12.8,11.7,10,9.4,8.4,6.7,5.3,4.7,8888,8888,8888,8888,90
0,30,4,1,2018,12.4,13,11.6,11.1,10.6,10.4,10.5,11.5,13.7,16.3,19,20.5,21.6,21.4,22,21.6,20.8,19.8,19.1,18,17.4,15.4,15,14.3,8888,8888,8888,8888,91
0,30,4,2,2018,14.2,14.4,14,13.5,13.5,12.6,12.5,12.9,14.2,15.8,17.8,20.4,20.6,21.4,22.7,23.4,22.7,22,19.7,17.8,17.3,15.6,14.7,14.4,8888,8888,8888,8888,92
0,30,4,3,2018,13.8,13.2,12.7,12.6,12.4,11.6,11.6,12,14.6,17,20.8,22.9,23.2,23.9,23.7,24.1,23.3,22.4,20.6,18.1,17.2,16.8,16.3,15.2,8888,8888,8888,8888,93
0,30,4,4,2018,15.6,15.4,15.2,14.8,14.1,14.1,13.8,14.2,15.6,17.9,21.4,22.7,24.1,22.1,21.4,14.8,13.1,11.1,9.6,9.2,9.2,9.1,9.3,9.1,8888,8888,8888,8888,94
0,30,4,5,2018,9,8.8,8,7.3,7,6.8,6.9,7,7.8,8.4,9.1,10.5,12.9,15.8,12.8,13.1,12.4,11.9,11.5,11.9,12,12.3,12.5,12.6,8888,8888,8888,8888,95
0,30,4,6,2018,13.7,13,13.2,13.9,14.3,14.9,15.2,17,19.7,20.3,20,19.1,18.7,19.2,18,18.9,18,15.9,12.8,12.1,12.1,12,11.4,11.2,8888,8888,8888,8888,96
0,30,4,7,2018,10.8,10.7,10.2,9.8,9.2,9.4,8.8,8.8,8.8,7.9,7.8,7.3,7.9,8.9,9.4,9.3,6.7,7,4.9,5.4,5.3,5.5,5.1,4.7,8888,8888,8888,8888,97
0,30,4,8,2018,4.1,4,5,4.5,4.6,4,4.8,4.7,5,4.6,2.9,4.3,5.9,7.9,8.1,6.8,5.6,6,6,5.3,4.8,4.7,3.9,3.9,8888,8888,8888,8888,98
0,30,4,9,2018,3.7,3.4,3.6,4,5,4.9,4.9,8.1,9.3,11.8,12.2,11.6,9.6,10.1,10.3,10.9,11.4,11.3,10.2,9.5,8.9,8,7.2,6.9,8888,8888,8888,8888,99
0,30,4,10,2018,6.5,6,6.3,6.2,5.4,5.5,5.3,5.7,6.9,8.8,12.5,15.2,17.5,18.1,19.8,20.1,20.7,20.6,19.4,16.5,16.4,16.7,16.3,16,8888,8888,8888,8888,100
0,30,4,11,2018,15.5,15.5,15.9,15.8,16,16,15.9,15.6,17.8,18.9,19.5,19.8,19,19.6,20.4,18.2,16.2,16,15.8,15.3,14.7,14.5,14.2,14,8888,8888,8888,8888,101
0,30,4,12,2018,13.8,13.5,13.2,12.7,12.5,12.1,11.9,12.2,12.9,14.9,16,17.9,18.8,19,20.5,20.4,20.2,19.9,17.9,15.6,14.6,14,13.1,12.6,8888,8888,8888,8888,102
0,30,4,13,2018,12.2,12.1,11.6,10.6,10,8.9,9,9,13,13.2,14.2,14.7,14.4,14.7,14.2,14.5,13.6,12.7,11.5,10.7,10.4,10.1,9.2,9,8888,8888,8888,8888,103
0,30,4,14,2018,8.9,8.4,7.9,7.9,8.1,7.9,8.1,9.2,13.8,18.1,17.5,17.9,19,18,18,18.2,17.9,16.7,17,16.7,14.2,13.3,15.1,14.6,8888,8888,8888,8888,104
0,30,4,15,2018,14.9,15.1,14.4,14.4,14.5,13.1,12.2,11.2,10.4,10.2,10.3,10.6,10.8,11.1,10.9,10.6,10.7,10.5,10.4,10.2,10.1,10,10,9.7,8888,8888,8888,8888,105
0,30,4,16,2018,9.7,9.3,9,8.6,7.5,7,6.6,8.1,9.5,11.9,13.2,14.7,14.9,15.2,14.6,14.2,14.3,13,12.2,11.6,11.3,10.8,10.2,9,8888,8888,8888,8888,106
0,30,4,17,2018,8.5,8.1,8.3,7.6,7.9,7.8,7.9,8.6,9.6,11.7,13.9,15.4,17.5,18.8,17.4,17,16.2,15.2,14.9,13,12.8,11.9,12,11.8,8888,8888,8888,8888,107
0,30,4,18,2018,12.2,12.1,11.9,12,12,11.4,11.4,11.8,12.4,13.5,15.5,17,17.8,18.8,18.2,18.1,16.8,15.9,15.2,14.3,13.3,11.8,11.5,10.7,8888,8888,8888,8888,108
0,30,4,19,2018,10.3,9.7,9,8.9,8,7.7,7.6,8.8,12.1,14.9,18.3,21.4,22.3,23,23.8,24.1,25.1,24.4,18.3,16.6,16.5,15.9,14.8,14,8888,8888,8888,8888,109
0,30,4,20,2018,14.1,13,12.2,11,10.8,10.2,9.8,11.3,14,16.4,18.6,20.8,21.4,22.3,21.7,20.8,19.5,19.1,17.5,16.2,15.6,14.4,14.1,13.4,8888,8888,8888,8888,110
0,30,4,21,2018,12.9,11.6,11.5,10.8,10.2,10.2,10.3,12.5,16.4,20.6,23.4,26.4,28.1,28.7,29.2,29.1,29.1,28.8,26.7,24,21,20,19,17,8888,8888,8888,8888,111
0,30,4,22,2018,16.5,15.9,15,14.9,13.8,13.4,13.7,15.2,18.1,20.6,23.5,24.4,24.3,25.7,25.1,24.6,24.3,22.7,20.5,18.4,17.6,17.7,17.2,16.5,8888,8888,8888,8888,112
0,30,4,23,2018,15.9,14.9,14.8,14.3,14.3,14,14.5,14.9,16.4,18,20,20.9,21.4,20.9,20.3,21.3,20.8,19.3,18.3,17.9,17.2,17.7,18,17.1,8888,8888,8888,8888,113
0,30,4,24,2018,17.1,16.7,16.7,16.6,16.6,16.6,16.6,17.2,17,17,17.6,18.2,18.3,18.4,18.3,18,17.1,16.6,16.7,17,16.5,17,17.1,17.1,8888,8888,8888,8888,114
0,30,4,25,2018,16.9,16.5,16.7,16.6,16.8,16.8,15.5,14.6,14,14,14.3,14.5,14.3,14.3,14,13.3,13,12.3,12.3,12,12.1,12,11.5,11.2,8888,8888,8888,8888,115
0,30,4,26,2018,11.1,11,10.9,10.9,11,11.1,11.5,11.9,13.8,15.1,15.7,17.1,17.6,17,17,16.6,15.8,15.5,14.2,13.4,12.8,12.5,12.2,11.8,8888,8888,8888,8888,116
0,30,4,27,2018,11.8,11.6,11.6,11.4,11.4,11.6,11.9,13.1,15.4,18.6,20.1,21,22.2,22.3,21.4,21.2,19.2,18.8,18,16,15.6,14.6,13.8,13.7,8888,8888,8888,8888,117
0,30,4,28,2018,13.2,12.6,13.6,12.8,12.7,12.4,12.3,12.9,13.6,15.5,16.8,18.3,19,18.8,19.8,18.5,17.6,17,16,14.9,14.4,13.9,13.1,12.6,8888,8888,8888,8888,118
0,30,4,29,2018,12.5,11.9,11.2,10.5,10.2,9.6,10.6,12.7,17.2,20.6,23.1,25.4,27,27,28,28.4,27.6,26.7,25.3,23.4,22.4,21.4,19.9,19.5,8888,8888,8888,8888,119
0,30,4,30,2018,18.2,17.9,18.6,16.9,16,16.4,16.9,18.8,20.6,22.1,23.1,23.4,23.6,23.1,23.4,22.7,22.6,22.2,21.6,20.2,18.4,17.4,16.9,16.7,8888,8888,8888,8888,120
0,30,5,1,2014,15.2,15.2,15,14.9,15,15.1,15,15.1,15.8,15.1,16.3,17.9,17.8,17.8,18.1,18.4,18.2,17.6,16.9,16.6,16.2,15.9,15.6,15.7,8888,8888,8888,8888,121
0,30,5,2,2014,15.2,15.1,15.1,15.1,14.8,14.8,14.9,15.1,17.2,18.9,19.6,21,21.9,22.8,22.5,23.1,22.1,20.5,19,17.8,17.8,16.9,16.1,15.5,8888,8888,8888,8888,122
0,30,5,3,2014,14.8,14,13.5,12.8,12.4,12.2,12.9,14.1,16.7,18.4,19.7,18.7,18.4,17.5,17.6,18.2,18.2,17.1,15.9,15,13.8,12.9,11.8,10.3,8888,8888,8888,8888,123
0,30,5,4,2014,9.9,8.8,8.6,7.6,7.3,7.1,7.2,8.8,11.6,14.4,17,18.6,18.7,18.7,20,20.7,20.6,21.5,21.9,20.4,19.7,18.8,18.6,18.3,8888,8888,8888,8888,124
0,30,5,5,2014,18,18,18,17.9,17.5,16.5,16.9,17,15.4,15.2,15.3,15.3,15.3,15.9,13.5,13,12.1,12.4,11.9,11.7,11.4,11.2,11.1,11.1,8888,8888,8888,8888,125
0,30,5,6,2014,10.5,9.6,9.4,9.4,9.3,9.1,8.7,9,10.3,12.5,15.7,15.7,15.9,17.7,18.3,17.9,17.5,16.5,15.7,14.8,13.7,11.1,10.2,9.1,8888,8888,8888,8888,126
0,30,5,7,2014,8.7,7.8,7.6,7.2,6.7,6.3,6.5,8.6,10.7,13.5,16.6,17.9,19.1,21.2,21.5,21.2,20.9,20.3,19.2,17.7,16.2,15.6,14.4,14.2,8888,8888,8888,8888,127
0,30,5,8,2014,13.9,15,12.6,12.1,12.9,11.7,13,15.6,17.9,20.3,22.2,22.9,23,23.4,23.8,24,23.5,22.4,21.2,20.5,19.5,15.1,14.8,15.1,8888,8888,8888,8888,128
0,30,5,9,2014,15.3,15,14.9,14.7,14.5,14.3,14.2,14.4,16.1,16.7,17.7,18,15.7,16.4,18.2,18.2,17.7,16.6,15.8,14.9,14.9,14.5,13.9,13.9,8888,8888,8888,8888,129
0,30,5,10,2014,13.8,13.5,13.2,12.6,12.2,11.8,12.8,14.2,15.6,17.1,18.2,19.1,20.2,19.7,18.5,18.7,17.6,17.4,16.2,15.4,14.5,14.1,13.2,12.5,8888,8888,8888,8888,130
0,30,5,11,2014,11.9,11.4,11.1,10.7,10.3,9.7,10.3,12.1,13.8,16.2,19.2,21.8,22.9,23.7,23.3,23.9,24.9,26.2,24.8,22.7,21.4,20.8,19.8,19.8,8888,8888,8888,8888,131
0,30,5,12,2014,20,18.9,19.1,19.3,19.5,19.8,19.9,20.2,20.9,21.2,20.9,20.7,20.5,20.6,20.5,20.6,20.2,17.8,16.8,16.5,17.2,18,18.1,17,8888,8888,8888,8888,132
0,30,5,13,2014,16.5,16.1,16.3,15.9,15.7,15.4,15.7,16.8,18.4,20.7,21.3,21.6,22.6,23.3,23.5,23.6,23.4,23.3,23.4,22.3,19.5,17.9,18,16.7,8888,8888,8888,8888,133
0,30,5,14,2014,15.8,15.4,14.7,14.1,13.8,13.6,13.8,15.4,18,21.7,24,26.6,27,27.7,27.8,26.4,25.9,24.7,24.2,23.4,24.1,22.2,23.3,23.8,8888,8888,8888,8888,134
0,30,5,15,2014,22.5,22.5,22.3,21,20.9,19.8,19.4,18.5,18.3,19,20,20.6,18.9,17.3,16.8,16,16,16.2,16.4,15.9,15.9,15.8,15.5,14.6,8888,8888,8888,8888,135
0,30,5,16,2014,14,13.8,13.4,13.4,13.4,13.3,13.4,14.6,16,18.1,19.9,21,19.8,19.4,19.8,20,19.4,18,17,16.4,15.7,14.3,14.1,13.5,8888,8888,8888,8888,136
0,30,5,17,2014,13,12.8,11.6,11.3,11.5,10.9,12.6,13.2,16.2,16,17.9,18.7,18.5,20.2,19.8,18.9,18.2,17.3,16.2,15.5,14.8,14.5,13.1,12.6,8888,8888,8888,8888,137
0,30,5,18,2014,12,11.6,11,10.8,10.4,10,10.6,12.6,15.2,17.3,20.5,22,22,22.5,21.8,21.2,20.9,20.4,19.2,18.2,17.2,16,15.2,14.2,8888,8888,8888,8888,138
0,30,5,19,2014,13.5,13,12.7,12.1,11.4,11.3,11.8,13.6,16.4,20.3,22.2,25.5,26.4,26.3,25.3,24.2,23.6,22.8,22.3,19.9,19.5,18.3,17.5,16.7,8888,8888,8888,8888,139
0,30,5,20,2014,16.5,15.8,15.3,14.9,14.9,14.1,14.8,16.4,18.7,20.8,22.8,24.8,23.9,24.5,24,23.3,22.9,23.2,22.6,21.6,21.2,21.2,19.2,17.9,8888,8888,8888,8888,140
0,30,5,21,2014,16.8,16.1,15.5,15.3,15.2,14.7,14.9,15.1,15.4,15.7,17.2,17.2,17.1,16.2,17.6,18,17.9,17.6,17,16.8,16.4,16.8,16.9,16.7,8888,8888,8888,8888,141
0,30,5,22,2014,16.4,16.4,16.2,16,15.8,14.9,15.3,15.9,16.3,16.7,17,17.2,19.2,18.4,18.4,18.7,18.4,17.5,16.8,16.6,16.4,16,15.9,15.1,8888,8888,8888,8888,142
0,30,5,23,2014,15.3,15,15.2,14.9,15,15,14.7,14.8,14.2,14.2,15.3,16.8,18,17.8,17.5,17.7,17.4,17.4,16.9,16.3,15.4,14.9,13.7,13.4,8888,8888,8888,8888,143
0,30,5,24,2014,13.1,12.6,12.4,11.9,11.8,11.5,12.2,13.5,16.5,19.2,21.7,24,24.6,26,26.5,26.3,26.5,26.1,25.5,23.3,22.1,20.9,20.3,19.7,8888,8888,8888,8888,144
0,30,5,25,2014,18.7,19.2,18.1,17.8,17.6,17.4,17.8,18.4,20.6,22.8,24.3,24.9,25.9,26.7,27.9,27.7,28.6,25.7,24.8,22.6,22,21.3,21.1,21,8888,8888,8888,8888,145
0,30,5,26,2014,20.4,20.3,19.4,19.2,19.4,20.1,21.7,21.8,21.8,21.6,21,19.9,18.2,17.9,18.9,18.1,18.6,17.8,17.1,17.4,18.3,17.9,18.3,17.3,8888,8888,8888,8888,146
0,30,5,27,2014,16.7,16.7,16.4,15.9,15.3,15.5,16.2,16.4,18.2,20.3,21.5,22.5,24,24.6,25.2,25.7,26.1,24.7,23.9,22.4,20.7,19.4,18.4,17.2,8888,8888,8888,8888,147
0,30,5,28,2014,16.2,15.7,14.9,14.4,13.7,13.4,14.3,17.1,19.8,22.7,25.8,28.5,29.4,29.7,29.6,29.9,29.4,28.1,27,26.3,23.3,21.9,21.2,20.6,8888,8888,8888,8888,148
0,30,5,29,2014,19.6,19,18.3,17.6,17.1,16.9,17.1,18.9,21.1,23.3,25.5,28.1,29.1,30,29.1,28.4,27.2,27.4,27,25.8,23.6,22.6,21.4,21,8888,8888,8888,8888,149
0,30,5,30,2014,20.4,20.1,19.3,18.4,18.1,17.6,18.6,21.3,22.5,25,27.6,28.8,30.4,31.6,31.4,31.6,30.5,28.7,28.4,25.8,23.6,23.1,21.7,20.8,8888,8888,8888,8888,150
0,30,5,31,2014,20.5,19.9,19.6,19.6,18.6,18.3,19,20.7,23,25,27.6,29.3,29.6,29.5,29.8,29.7,28.1,26.7,24.9,23.3,22.3,21.6,20.6,19.7,8888,8888,8888,8888,151
0,30,6,1,2010,14.5,13.8,13.7,13.3,13.1,13,13.4,15.6,17.9,20.1,21.7,23.4,23.5,23.6,23.5,23.8,23.6,23,21.7,20.6,19.4,19.1,18.1,17.8,8888,8888,8888,8888,152
0,30,6,2,2010,17,16.3,15.9,15.7,15.2,14.9,15.2,17.3,19.7,21.7,23.2,25.1,25.3,24.7,24.2,23.8,23.7,23.5,22.2,21.1,20.1,20,19.1,18.3,8888,8888,8888,8888,153
0,30,6,3,2010,18,17.3,17,16.4,15.9,15.7,16.3,17.8,19.9,22.4,24.7,26.1,26.1,26.3,25.7,24.6,23.3,22.8,22,20.2,19.2,19.2,18.3,17.5,8888,8888,8888,8888,154
0,30,6,4,2010,16.9,16.6,16.6,16,15.7,15.2,15.9,17.3,19.9,22.3,24.7,24.5,26.5,26.3,27.1,26.4,25.2,24.5,22.1,20,19.5,18.6,18.2,17.6,8888,8888,8888,8888,155
0,30,6,5,2010,17.1,17,16.7,16.6,16.2,15.6,15.8,17,19,21.2,22.9,23.2,23.2,23.5,22.7,21.6,21.6,21,20,19,18.1,17.9,17.6,17.1,8888,8888,8888,8888,156
0,30,6,6,2010,17.4,16.2,15.7,15.5,15.5,15,15.6,16.3,17.5,19.7,22.3,24.7,24.1,23.8,23.8,24.2,23.8,23.3,21.8,20.9,19.8,19.4,19.3,18.9,8888,8888,8888,8888,157
0,30,6,7,2010,18.4,18.5,18,17.8,17.3,17.1,17.5,19.1,21.1,22.9,24.7,25,24.8,25,23.9,24,23.9,23.5,22.7,22.3,22.1,21.2,20.8,20.6,8888,8888,8888,8888,158
0,30,6,8,2010,20.3,19.9,20,19.8,19.1,19.2,19,19.3,19.7,21,21.1,21.6,21.1,21.5,21.9,20.6,20.3,20.5,20.1,19.7,19.5,19.2,18.5,18.4,8888,8888,8888,8888,159
0,30,6,9,2010,17.8,17.7,17.1,17,16.7,16.6,16.7,17.2,18.7,20.1,21.5,23.5,23.9,24.8,23.9,23.1,23.1,22.8,21.4,20,19.6,19.3,19,18.9,8888,8888,8888,8888,160
0,30,6,10,2010,18.7,18.2,18.1,18.3,17.4,16.8,17.6,18.5,19.9,21.8,23.7,24,23.9,25.1,24.8,24.3,22.6,21.6,21.2,20.4,19.3,19.5,19.6,18.9,8888,8888,8888,8888,161
0,30,6,11,2010,18.1,18,17.6,17.1,16.8,16.6,17.3,18.3,20.5,22.6,25.1,26.7,27,26.9,26.4,26.2,26.3,24.8,23.6,22.9,21.4,21.4,20.9,20.8,8888,8888,8888,8888,162
0,30,6,12,2010,20,19.7,19.2,19.1,18.6,18.1,19.2,21.1,23.9,26.7,28.2,29.5,30.4,31,30.5,29.6,29.9,29.9,28.1,27.2,25.6,25,24.4,24.3,8888,8888,8888,8888,163
0,30,6,13,2010,23.7,23.4,23.7,23.6,23.2,22.5,22.5,23.4,24.5,25.1,25.2,25.5,25.3,25.4,24.8,22.2,22.6,22.7,21.8,20.9,20.1,20,19.5,18.4,8888,8888,8888,8888,164
0,30,6,14,2010,18.1,18,18.5,18.4,18.5,18.4,18.8,19.5,20.1,20.7,20.9,21.5,22.9,23.9,23.9,24.8,25.2,25.1,25,24.1,23.3,22.7,21.8,21.3,8888,8888,8888,8888,165
0,30,6,15,2010,20.8,20.5,20,19.7,19.5,19.7,20.4,22.8,24.9,26.9,27.7,27.8,27.7,25.6,24,22.4,22.4,22.3,22.2,22,22.1,21.9,22,22,8888,8888,8888,8888,166
0,30,6,16,2010,22,21.7,21.6,21.1,20.9,21,21.4,21,20.9,20.8,21.2,22.6,23.1,23.7,23.2,23.7,23.6,23.1,22.2,21.6,20.7,20.1,19.5,19.3,8888,8888,8888,8888,167
0,30,6,17,2010,18.8,18.4,18,17.7,17.5,17.1,18,19.8,22,24.7,27.5,29.3,30.4,31.3,32,31.8,32.1,30.2,28.8,27.7,25.8,25.7,24.7,24.3,8888,8888,8888,8888,168
0,30,6,18,2010,23.6,22.9,22.7,22.6,22.2,22,22.6,23.7,24.3,24.8,24.7,24.7,25.3,25.1,24.4,22.9,22.1,20.9,20.8,20.8,20.9,20.7,20.6,20.5,8888,8888,8888,8888,169
0,30,6,19,2010,20.7,20.7,20.9,20.9,20.9,21.1,21.2,21.4,21.7,23.3,24.7,26.8,27.2,27.4,28,28.9,29.8,29.5,26.8,25.1,25.2,24.5,24.1,24,8888,8888,8888,8888,170
0,30,6,20,2010,23.3,23.4,23,22.9,22.8,22.4,22.8,24,25.4,27.3,28.9,27.7,28.1,29.4,29.3,29.4,28.8,28.7,27.8,26.9,26.3,24.1,24.1,24.1,8888,8888,8888,8888,171
0,30,6,21,2010,23.7,23.3,23,22.7,23.6,22.3,22.9,23.3,23.8,24,24.6,25.9,26,27.1,27,27.8,27.9,28.3,27.1,25.2,24.6,24.2,24.5,23.8,8888,8888,8888,8888,172
0,30,6,22,2010,23.3,23.5,23.5,23.1,22.9,22.7,22.8,23.2,24.3,25.7,28,27.9,26.3,27.4,27.4,27.2,26.8,26.8,25.6,24.4,23.7,23.2,22.8,22.8,8888,8888,8888,8888,173
0,30,6,23,2010,22.8,22.6,22.5,21.6,21.5,21.8,21.8,21.6,21.7,22,22.6,22.9,24.7,24.5,23.8,22.8,22.4,22.6,22,20.6,20.2,19.5,18.2,17.6,8888,8888,8888,8888,174
0,30,6,24,2010,17.4,16.8,16.4,16.9,16.6,16.5,16.8,17.6,19.2,21.1,24.1,25,25.6,26.3,25.7,25.2,25.2,24.8,23.6,22.5,21.5,21.3,20.6,19.8,8888,8888,8888,8888,175
0,30,6,25,2010,19.3,19.1,18.8,18.3,18.2,17.9,18.3,20.4,22.6,24.6,26.6,28.3,29.4,30,30.3,29.9,29.4,27.9,27.3,26.5,25.5,25.3,24.2,23.2,8888,8888,8888,8888,176
0,30,6,26,2010,22.8,23,22.8,22.8,22.8,23.5,22.9,24.1,24.4,24.5,24.2,24.6,25.3,25.7,24.7,25.4,25,24.6,24.6,24.2,23.9,23.8,23.8,23.8,8888,8888,8888,8888,177
0,30,6,27,2010,23.7,23.5,23.4,23.3,23.4,23.5,23.6,23.9,25,25.4,27.9,28.8,30.5,32.2,31.4,30.9,29.9,28.8,28.7,27.4,26.8,26.3,26,25.6,8888,8888,8888,8888,178
0,30,6,28,2010,25.5,25.3,25.1,24.8,24.7,24.6,24.1,25.1,26.4,27.4,28,29.4,28.7,28.9,29.3,31.1,30.7,29.6,28.5,27.8,27.6,27.2,26.8,25.4,8888,8888,8888,8888,179
0,30,6,29,2010,23.7,23.3,23.7,23.9,23.8,23.7,23.4,22.9,22.8,22.7,23.3,24.5,25.4,25.8,25.8,25.6,25.2,24.9,24.7,23.9,23.7,23.3,23.1,23.1,8888,8888,8888,8888,180
0,30,6,30,2010,23.2,22.6,22.7,22.6,22.6,22.6,22.7,23.3,23.8,24.5,25.7,26.6,26.6,27.6,27.8,27,26.9,26.7,26.4,25.6,24.7,23.9,23.3,23,8888,8888,8888,8888,181
0,30,7,1,2010,22.6,22.6,22.4,22.1,22.1,22.2,22.4,23.1,24.2,25.9,28.2,29.5,29.9,28.3,26.6,27.8,28.1,28,27.5,26.9,26.2,24.8,23.5,23.1,8888,8888,8888,8888,182
0,30,7,2,2010,22.7,22.9,22.5,22.8,22.7,22.4,22.7,23.5,25.1,26.5,28.3,29.8,29.4,29.5,28.8,29.1,28.1,27.9,27.1,26.4,25.9,25.9,25.7,25.3,8888,8888,8888,8888,183
0,30,7,3,2010,25.2,25,24.8,24.3,24.1,24,23.9,23.8,23.9,23.8,24.1,25.4,25.8,25.7,24.3,23.9,23.4,23.2,23.1,23.3,23.3,23.1,23.1,23.2,8888,8888,8888,8888,184
0,30,7,4,2010,23.2,23.2,23.1,23.4,22.9,22.7,22.7,22.7,23.1,23.3,23.9,23.6,23.5,23.8,24.2,24,23.6,23.3,23.2,23,22.9,22.6,22.5,22.3,8888,8888,8888,8888,185
0,30,7,5,2010,22.3,22.2,22,21.7,21.4,21.5,21.9,22.4,23.2,24.4,25.1,26,24.8,24.6,25.4,26.3,25.7,25.8,24.8,24.2,23.9,23.3,22.4,22,8888,8888,8888,8888,186
0,30,7,6,2010,22.1,22.1,22.3,21.9,21.8,21.8,22,22.8,23.9,24.5,25.9,25.6,26.5,27.7,28.6,28.7,28.4,27.5,26.9,25.8,25.2,25.6,25.1,24.9,8888,8888,8888,8888,187
0,30,7,7,2010,24.2,24.3,23.8,23.6,23.2,23.1,23,23.6,24.9,27,28,28.9,29.8,29.8,29.8,29.9,29.5,29.9,28.9,26.8,26.3,25.1,24.9,24.1,8888,8888,8888,8888,188
0,30,7,8,2010,23.9,23.3,23,22.4,22.5,22.1,22.4,23.5,25.3,26.9,28.4,29.2,29.1,28.9,28.9,28.5,27.5,27.9,26.9,25.9,25.1,25.1,24.9,24,8888,8888,8888,8888,189
0,30,7,9,2010,23.9,23.8,23.6,23.4,23.2,23.1,23.3,23.6,24.8,26.2,27.9,28.7,29.7,29.3,27.6,26.2,25.6,25.4,25.3,24.8,24.1,23.4,23.2,22.8,8888,8888,8888,8888,190
0,30,7,10,2010,22.3,22.1,22.2,21.7,21.5,21.4,21.5,22.8,24.2,25.8,26.6,27.4,28.6,28.5,27.4,27.2,27.7,26.7,26.1,25.3,24.4,23.7,23.8,23.3,8888,8888,8888,8888,191
0,30,7,11,2010,22.6,22.5,22.6,22.5,22.7,22.4,22.3,22.5,23.4,24.3,24.5,25.6,27.6,26.9,26.4,26.5,27.1,27.2,26.3,27.2,28.5,28.1,29.7,29.9,8888,8888,8888,8888,192
0,30,7,12,2010,29.6,29.6,29.5,29.5,23.6,23.2,23.1,23.5,24.4,23.4,23.5,23.7,23.1,23.9,23.5,23.9,23.5,23.7,23.3,22.9,22.6,22.5,22.4,22.2,8888,8888,8888,8888,193
0,30,7,13,2010,22,21.8,21.9,21.7,21.6,21.3,21.2,21.4,21.9,22.4,23,23.7,24.5,25.5,25.6,24.9,24.6,24.6,24.1,23.9,22.3,22.8,22.4,22.5,8888,8888,8888,8888,194
0,30,7,14,2010,22.3,22.4,22.4,22.3,23.7,23.6,23.8,24.5,26.7,26.7,28.1,27.7,26.6,26.3,27.6,27.1,26.5,26.2,26,25.8,25,25,24,23.8,8888,8888,8888,8888,195
0,30,7,15,2010,23.6,23.8,23.5,23.3,23.4,23.4,23.5,23.9,24.7,25,25.6,27.4,28.7,28.7,26.4,24.3,25.5,26.5,25.7,25.3,25.1,24.8,24.2,24.3,8888,8888,8888,8888,196
0,30,7,16,2010,23.8,23.8,23.5,23.3,23.2,23.2,23.5,24.8,26.2,28.1,29.2,30.3,30.8,31.7,32.2,32.7,31.7,30.3,29.6,28.7,28.4,25.3,25.1,23.9,8888,8888,8888,8888,197
0,30,7,17,2010,23.8,23.8,23.9,23.7,23.8,23.7,24.3,25.1,27.9,29.8,31.6,32.4,33.4,33.3,33.9,34.4,34,33.4,32.4,31.1,29.9,29,28.1,27,8888,8888,8888,8888,198
0,30,7,18,2010,26.5,25.6,24.3,23.6,23.2,23,23.4,25.4,28.1,30.7,31.4,31.8,32.5,33.2,33.3,33.4,33.3,33.3,32.7,31.2,29.6,29,28.9,28.3,8888,8888,8888,8888,199
0,30,7,19,2010,27.6,27.3,26.8,26.1,25.5,24.6,25,27.2,29.3,31,32.4,33.1,33.5,33.4,33.7,33.8,34,33.3,31.1,30.1,29.7,28.6,27.4,26.6,8888,8888,8888,8888,200
0,30,7,20,2010,26.3,26.1,25.8,25.4,25,24.9,25.5,26.8,28.7,30.4,31.6,32.8,33.6,33.9,34.7,33.5,32,31.1,30.5,28.7,28.4,28.1,27.4,26.8,8888,8888,8888,8888,201
0,30,7,21,2010,26.5,26.2,25.8,25.5,25.1,25.2,25.4,27,29.1,31.1,32,33.4,33.4,33.4,33.4,32.7,32.1,30.7,30.2,28.5,28.6,28,27.1,26.6,8888,8888,8888,8888,202
0,30,7,22,2010,26.4,25.5,25.5,25.4,25,24.7,25,26.8,28.1,29.7,31.8,32.9,33.9,34.5,33.9,33.3,32.6,31.6,30.5,29.2,28.3,27.3,27.2,26.3,8888,8888,8888,8888,203
0,30,7,23,2010,26.3,25.4,25.6,25.7,25.8,25.5,25.8,26.6,28.3,30.4,30.5,32,32.7,33.1,32.7,33.5,32.4,32.2,31.3,29.9,29,28.5,26.9,26.7,8888,8888,8888,8888,204
0,30,7,24,2010,26.2,26,25.7,25.1,25.1,24.9,25.2,26,27.9,30.1,32,32.3,32.6,32.2,32.6,32.2,32.3,31.8,29.7,28.8,27.5,27.6,27,26.8,8888,8888,8888,8888,205
0,30,7,25,2010,26.7,25.5,25.2,24.8,24.6,24.3,24.7,25,26.8,29.1,29.3,30.5,30.8,30.6,31.2,30.4,30.6,29.7,28.6,27.6,27.6,27.4,26.4,25.6,8888,8888,8888,8888,206
0,30,7,26,2010,26,25.6,25.3,25,24.3,24.2,24.1,25.3,26.8,29.5,31.4,33,34.4,35,34.7,33.7,32.2,31.4,30.7,29.5,28.6,28.7,28.3,28.3,8888,8888,8888,8888,207
0,30,7,27,2010,27.6,26.7,26.3,25.7,25.2,24.9,25,26.4,28.4,30.6,31.6,32.4,33.4,33.8,33.8,34.5,34.2,33.2,31.6,29.6,29.2,28.2,27,26.7,8888,8888,8888,8888,208
0,30,7,28,2010,26.1,25.5,25.3,24.5,24.5,24.2,25.3,26.9,28.8,31,32.4,33,33.8,33,33.8,34.5,33.2,32.1,30.9,30,29.2,28.1,28,27.9,8888,8888,8888,8888,209
0,30,7,29,2010,26.3,25.7,26.1,26,26.5,27.1,24,25.2,26.2,26.6,26.8,24.9,26.2,28.1,28.1,28,27.7,29.2,28.1,27.5,26.8,26.4,26,25.8,8888,8888,8888,8888,210
0,30,7,30,2010,25.9,25.8,25.5,25.5,25.5,25.1,25.5,26.1,27.1,28.2,30.2,31.2,30.5,31,32.3,32.4,32.6,31.3,30.3,29.1,28.8,28.6,28.2,27.8,8888,8888,8888,8888,211
0,30,7,31,2010,27.4,27.3,27.2,27.3,25.9,25.8,25.9,26.6,26.9,28,30.3,31.5,32.3,32.9,33.2,33.1,32.9,32.3,30.8,29.8,29,28.3,27.3,27.4,8888,8888,8888,8888,212
0,30,8,1,2013,25.8,25.6,25.3,25,24.9,24.7,24.8,24.9,25.4,26.2,28.4,29.5,29.9,30.3,30.4,29.9,29.3,28.2,27.8,27.1,26.6,26.2,25.6,24.8,8888,8888,8888,8888,213
0,30,8,2,2013,24.6,24.6,24.4,24.4,24.4,24.4,24.6,25.6,26.2,27.4,27.5,28.5,29.9,30,28.8,28.3,28.8,28.2,27.1,26.2,25.8,25.7,24.6,24.3,8888,8888,8888,8888,214
0,30,8,3,2013,24.2,23.5,23.3,23.5,23.3,23.2,23.5,23.9,25.6,28,28.8,28.9,29.9,29.6,29.5,28.9,28.9,27.8,27.3,26.2,25.6,25.4,24,23.5,8888,8888,8888,8888,215
0,30,8,4,2013,23.5,23,22.7,22.6,23,22.6,23,23.4,23.9,25.9,27.3,29.7,30.6,31.8,31.3,32.2,32.5,31.7,30.3,27.2,26.4,26.2,25.9,25.6,8888,8888,8888,8888,216
0,30,8,5,2013,25.4,25.3,25.3,25.2,25.2,25.1,25.5,25.7,26.8,27.9,29.3,30.2,31.9,33.3,33,33.2,31.8,30.1,27.8,26.8,26.3,26.1,26,25.5,8888,8888,8888,8888,217
0,30,8,6,2013,25.6,25.3,25.4,24.8,24.7,24.6,24.7,25,25.6,26.9,28.3,29.9,30.6,30.7,31.2,31.9,31.3,30.5,30.1,29.1,28,27.5,27.1,26.5,8888,8888,8888,8888,218
0,30,8,7,2013,26.5,26.1,25.7,25.7,25.2,25.1,25.2,26,27.6,29.3,30.4,31.3,32.1,32.3,32.4,31.6,32.1,31.7,30.6,29.3,28.7,28.2,27.9,27.4,8888,8888,8888,8888,219
0,30,8,8,2013,26.9,26.7,26.4,26.1,25.9,26.1,25.8,26.7,27.6,28.6,30.3,30.7,31.2,32.3,32.2,32.2,31.5,31.2,31.1,30.1,29.7,29,28.4,28,8888,8888,8888,8888,220
0,30,8,9,2013,27.4,27.1,26.7,26.6,26.1,25.8,25.8,26.7,28.3,30.4,31.8,32.6,33.2,33.6,33.8,34,33.9,33.3,32.7,31.9,30.7,28.8,29.1,28.8,8888,8888,8888,8888,221
0,30,8,10,2013,28.1,27.7,27.7,27.5,27.5,27.1,27.3,27.5,29,30.7,32.5,32.7,33.7,33.6,33.4,33.2,33.5,32.2,31.1,30.5,29.8,29,28.6,28.1,8888,8888,8888,8888,222
0,30,8,11,2013,27.7,27.1,27.2,26.7,26.4,26.2,26.3,27.3,28.4,30,31.4,31.9,32.6,33.1,33.1,32.6,32.3,31.6,30.9,29.5,29,28.9,27.7,27.6,8888,8888,8888,8888,223
0,30,8,12,2013,27,26.8,26.5,26.4,26.2,26.1,26.3,26.7,27.8,29.5,30.2,32.4,32.2,32.4,32.2,32.4,30.7,30.1,28.9,28.1,27.9,27.1,27,26.1,8888,8888,8888,8888,224
0,30,8,13,2013,25.3,24.6,24.2,23.8,23.8,23.5,23.2,24.2,25.6,27.2,29,31.8,31.8,32.2,31.6,31.9,31.3,30.3,29.5,28.5,28,27,26.5,26.1,8888,8888,8888,8888,225
0,30,8,14,2013,25.7,25.2,24.5,24.4,23.9,23.4,23.5,24.4,26.9,28.7,30.6,32.4,33,34.1,34.5,34.3,33.6,32.2,31.3,29.7,28.3,26.5,26.4,26.3,8888,8888,8888,8888,226
0,30,8,15,2013,25.5,25.1,24.9,24.5,23.9,23.7,23.6,25.7,28,30.5,32.3,33.9,34.4,35.3,35.3,35.9,33.9,32.2,30.9,30.2,29.2,28.5,28.4,27.2,8888,8888,8888,8888,227
0,30,8,16,2013,27.4,26.2,26.3,25.5,25.6,25.2,26,26.9,28.9,30.3,32.4,33.6,33.7,34.7,34.9,35.6,34.1,32.9,32,30.6,29.8,29.1,28.5,28.1,8888,8888,8888,8888,228
0,30,8,17,2013,27.8,27.5,27.1,26.4,25.4,24.8,24.7,25.8,28.1,30.2,31.9,33.1,34.3,34.5,35.2,34.9,34.9,34.3,33.3,32,30.6,30.5,29.6,29.2,8888,8888,8888,8888,229
0,30,8,18,2013,29,28.8,28,27.5,26.8,26.5,26.5,27.9,29.8,31.6,32.5,33.7,34,34.4,34.6,35.1,34.5,34.4,34.2,31.8,31.3,30.1,28.8,29,8888,8888,8888,8888,230
0,30,8,19,2013,28.3,27.8,27.2,26.9,26.7,26.6,26.5,27.6,29.4,31.2,33,33.9,35,35,35.7,36.4,36.3,35.3,32,31.1,31.2,30.5,29.1,28.7,8888,8888,8888,8888,231
0,30,8,20,2013,28.3,28.5,28.2,28,27.7,27.6,27.2,28,29.5,31.1,31.1,31.5,33.1,33.8,34.5,32.8,33.1,31.8,30.9,30.4,29.7,29.5,29.2,27.1,8888,8888,8888,8888,232
0,30,8,21,2013,28,27.1,27,26.7,26.8,26.4,26.4,27.5,28.4,29.4,31.6,32.4,32.2,31.8,30.8,31.4,31.8,31,29.7,29.2,28.4,27.9,27.9,27.2,8888,8888,8888,8888,233
0,30,8,22,2013,26.9,26.7,26.7,26.8,26.7,26.8,26.3,27,28.2,30.4,31.8,32.9,32.8,33.3,35.4,34.6,32.8,32.1,30.8,29.8,29.5,28.2,27.4,27.5,8888,8888,8888,8888,234
0,30,8,23,2013,27.6,27.3,27.1,26.6,27,26.3,26,26.9,27.7,29.6,31,31.1,30.7,28.3,26.4,25.5,25.8,25,24.9,24.8,25.1,25.2,25.1,24.8,8888,8888,8888,8888,235
0,30,8,24,2013,24.7,24.9,24.9,24.8,24.6,24.6,24.6,24.9,25.7,26.5,27.5,27.3,27.5,26.8,26.5,27,27.6,27.5,25.5,25.3,24.6,24.6,24.6,24.2,8888,8888,8888,8888,236
0,30,8,25,2013,23.8,23.1,22.9,22.9,23,23,22.9,22.7,22.7,23.5,24.1,24.6,26,28.1,29.5,28.8,28.1,27.5,27,26,25,24.6,24,22.3,8888,8888,8888,8888,237
0,30,8,26,2013,21.8,21.3,21,20.5,20.5,20.6,20.9,21.6,23,24.6,26.3,29,30.5,30,29.5,29.4,28.6,27.7,27.2,26.7,25.5,24.8,24.2,23.7,8888,8888,8888,8888,238
0,30,8,27,2013,22.8,22,21.8,21.3,20.7,20.7,20.8,22.3,23.5,24.7,25.9,26.9,28.4,28.7,29.8,29.1,28.3,28,26.9,26.4,25,24.1,23.2,22.6,8888,8888,8888,8888,239
0,30,8,28,2013,21.6,21.8,20.9,21,20.7,20.2,20.5,21.2,22.3,23.7,25.5,26.9,28,27.7,27.2,24.7,24.6,25.8,25.7,24.1,23.3,22.5,22.2,21.8,8888,8888,8888,8888,240
0,30,8,29,2013,21.3,21.4,20.8,20.4,20.5,19.9,20.2,20.7,23.2,25.9,28.1,31.7,32.1,32.5,32.9,32.4,31.3,29.8,27.9,27.9,28.3,28.3,28.2,28.3,8888,8888,8888,8888,241
0,30,8,30,2013,28.1,28.1,27.8,27.7,27.2,27,26.4,27.7,29.7,31.1,31.7,31.4,32,31.5,30.3,28.8,27.7,27.2,27.2,26.9,26.9,26.8,26.6,26,8888,8888,8888,8888,242
0,30,8,31,2013,25.7,25.8,25.8,25.2,25.3,25.2,25.8,30,30.9,31.2,32.5,32.3,32.9,33,33.4,32.8,32.9,33,24,23.7,23.6,23.6,23.7,23.4,8888,8888,8888,8888,243
0,30,9,1,2010,27.9,27.6,27,26.9,26.6,26.4,26.2,27.4,29.2,30.3,32.1,34.4,35.4,36.1,34.1,33.7,33.1,32,31.5,30.7,30.1,29.8,29.3,29.2,8888,8888,8888,8888,244
0,30,9,2,2010,29.2,29,28.2,28,27.4,26.5,26.8,27.9,30.1,30.9,31.8,33.5,33.7,34,33.3,32.7,33.1,33.1,32.4,31.2,30.4,30.3,30.3,29.8,8888,8888,8888,8888,245
0,30,9,3,2010,28.3,28,27.5,27.5,27,26.1,25.9,26.5,27.9,30,31.3,30.9,28,30,29.9,30.5,30,30.4,29.2,28.6,27.9,27.4,27.3,26.4,8888,8888,8888,8888,246
0,30,9,4,2010,26,26,25.6,25.4,24.8,25.3,25.3,25.6,26.8,28.5,32.4,31.3,33,32.6,32.2,31.8,31.2,30.5,29.1,28.4,28,26.9,26.5,26.2,8888,8888,8888,8888,247
0,30,9,5,2010,25.5,25.3,24.8,24.7,24.3,24,24,25,27.1,30,32.1,33.9,34.4,35.7,34.2,33.3,33,32.4,31.4,30.6,29.8,29.1,28.7,28.8,8888,8888,8888,8888,248
0,30,9,6,2010,28.6,28.2,27.9,27.7,27.2,26.6,26.9,27.3,28.5,30.3,32.2,32.8,34.6,35.3,35.9,35.4,34.4,33.6,32.4,31.5,30.9,30.4,29.9,29.4,8888,8888,8888,8888,249
0,30,9,7,2010,29.3,28.7,28.1,28.1,27.7,27.8,27.6,28.7,30.3,31.3,32.4,32.5,33.1,33,29.8,28.6,27.9,26.9,26.7,27,26.9,26.7,26.6,26.2,8888,8888,8888,8888,250
0,30,9,8,2010,25.5,25.2,25.3,25.1,24.8,24.5,24.5,24.7,24.8,24.8,25.2,25.6,25.2,26.5,26.8,26.6,25.9,25.7,25.9,24.3,24.9,24.5,24.2,24.1,8888,8888,8888,8888,251
0,30,9,9,2010,23.7,23.4,22.9,23.4,22.6,23.1,22.9,22.7,24,25.2,26.4,26.8,27.7,27.1,27.6,27.8,27.5,26.8,26.2,25.7,25.1,24.6,23.7,22.8,8888,8888,8888,8888,252
0,30,9,10,2010,22.5,21.9,21.7,21.1,21.1,20.7,20.9,22.1,23.7,26,27.5,28.9,29.4,30.9,31,30.8,30.4,29.3,29.1,27.8,24.9,24.5,24,23.2,8888,8888,8888,8888,253
0,30,9,11,2010,22.9,22.1,22.1,21.9,21.2,20.9,21.2,22.6,25.2,27.9,30.2,31.7,32.4,33.3,33.1,32.2,31.4,32.1,30.7,29.7,28.3,27.4,27.2,26.5,8888,8888,8888,8888,254
0,30,9,12,2010,24.3,25.1,25.1,25,25.1,24.8,25.1,25.2,26.2,28.3,29.2,30,30.5,31.9,31.6,31.6,30.6,30.4,31.7,31.9,31.9,28.4,28.1,26.8,8888,8888,8888,8888,255
0,30,9,13,2010,24.8,24.9,25.1,25.1,25.1,25.4,25.4,25.8,25.8,26.3,27.7,28.7,29,28.9,28.1,28.1,27.5,26.8,26,24.5,23,22.8,22.4,22.5,8888,8888,8888,8888,256
0,30,9,14,2010,22.3,22.3,22.2,22,22,21.8,22.2,22.2,22.3,23.8,26.1,27.7,28,28.8,28.4,28.8,27.6,27.3,26.3,25.7,24.8,24.6,23.7,23.1,8888,8888,8888,8888,257
0,30,9,15,2010,22,21.8,21.4,21,21.2,21.2,21.2,21.5,22.5,22.9,24,24.6,25.2,25.8,26.8,26.5,26.4,22.7,22.3,22.3,22.4,22.3,22.2,21.9,8888,8888,8888,8888,258
0,30,9,16,2010,22,20.9,20.7,20.4,20.2,20,19.8,19.8,20.2,20.8,22.2,23.4,24.2,24.6,24.6,22.7,24.5,24,23.4,21.2,21.4,20.9,21,20.8,8888,8888,8888,8888,259
0,30,9,17,2010,20.3,20.2,20,19.7,19.8,19.6,19.3,19.9,20.7,20.7,21.5,22.8,24,23.9,26.5,27.2,26.7,25.7,24.5,23.5,21.8,20.9,20.2,19.8,8888,8888,8888,8888,260
0,30,9,18,2010,19.3,18.9,18.5,18.2,17.8,17.9,17.5,18.7,20.2,22.1,24.4,26.4,27.5,27.9,28.1,27.4,27.3,26.5,25.9,25.4,23.6,23.2,22.8,22.4,8888,8888,8888,8888,261
0,30,9,19,2010,21.8,21.5,21.4,21,20.8,20.5,20.3,21.3,23,25.9,27.4,28.9,28.7,27.2,26.9,27.3,27.3,26.7,25.8,24.7,23.9,23.7,23.2,23,8888,8888,8888,8888,262
0,30,9,20,2010,23.1,21.5,21.1,21,20.6,20.8,21,21.1,21.6,21.9,22.6,24.2,24.8,25.3,24.8,24.8,24.7,24.6,24.2,24.1,24,23.2,22.3,22.1,8888,8888,8888,8888,263
0,30,9,21,2010,22.3,22.2,22.2,22.3,22.2,22.1,22.1,22.3,22.4,23,23.6,24.9,27,28.6,28.7,28,28,27.6,26.9,25.3,24.8,24.5,23.7,23.4,8888,8888,8888,8888,264
0,30,9,22,2010,23.1,22.9,22.9,23.1,23.3,23.2,23.3,23.2,23.9,24.2,24.5,25.5,25.1,25.7,26,27,25.8,24.7,22.9,22,20.8,21.1,20.7,20,8888,8888,8888,8888,265
0,30,9,23,2010,20,20.1,19.4,19.2,19.2,18.9,19.1,18.5,18.3,18.4,17.9,18.1,18.5,18.4,19,19.7,20.4,19.9,19.5,18.4,18.6,18.8,18.5,18.6,8888,8888,8888,8888,266
0,30,9,24,2010,18.9,18.9,18.6,18.4,18.4,18.2,18,18.3,19,20.1,19.8,23.1,22.4,22.3,21.8,21.4,20.9,20.3,19.5,19.4,18.8,16.8,16.5,15.9,8888,8888,8888,8888,267
0,30,9,25,2010,15.6,15.6,15.4,15.5,15.7,15.7,15.9,19.1,19.4,20.6,22.3,23.3,23.5,24,23.8,23.5,22.8,22,20.5,19.5,19.2,16.2,15.6,14.5,8888,8888,8888,8888,268
0,30,9,26,2010,13.9,14,13.7,13,12.9,12.8,12.9,13.7,15.4,18,21.5,23,23.7,24.7,24.7,25.6,24.6,23.8,23.2,20.7,20.1,20,19.9,19.3,8888,8888,8888,8888,269
0,30,9,27,2010,19.7,19.2,18.4,18,17.4,17,16.4,17.6,20.4,22.5,24.9,26.5,26.8,27.9,28.9,27.6,26.9,25.6,23,21.4,20.6,20,19.4,19.2,8888,8888,8888,8888,270
0,30,9,28,2010,19.2,19.2,18.8,18.8,18.7,18.7,18.6,18.8,19.3,20.6,21.6,22.2,22.3,21.7,23.3,23.5,23.9,22.9,21.8,20.5,21.5,21.4,20.7,20,8888,8888,8888,8888,271
0,30,9,29,2010,19.6,19.4,18.9,18.6,17.1,16.1,15.1,16.2,18.2,20.2,21.7,22.2,23.2,23.1,22.5,21.9,21.1,20.6,20.1,19,18.6,18.3,18.3,17.7,8888,8888,8888,8888,272
0,30,9,30,2010,17,17,16.7,16.7,16.6,16.9,16.7,17.1,17.6,18.6,20.6,21.2,20.6,20.5,20.7,21.2,21.4,21.3,20.3,18.9,18,17.6,16.9,16.3,8888,8888,8888,8888,273
0,30,10,1,2016,17.9,18.1,18.5,18.4,17.9,18.2,18,17.5,17.7,18.3,20.2,22.7,23.6,25.4,25.4,24.1,22.7,22.8,22.4,22.1,22,21.7,21.2,20.9,8888,8888,8888,8888,274
0,30,10,2,2016,21,20.9,21,21.1,21,21,20.9,21.2,21.8,23.8,26.4,27.5,28.4,27.2,27.8,27.8,27.8,26.2,25.1,24.5,24.3,24,23.9,23.6,8888,8888,8888,8888,275
0,30,10,3,2016,23.4,23.1,23.1,23.2,23,23.7,24.5,24.5,25.9,28.2,27.9,27.2,26.4,25.9,25.6,25.8,25.9,25.3,24.5,23.7,23.3,22.5,22.2,22,8888,8888,8888,8888,276
0,30,10,4,2016,21.9,21.6,21.3,21.5,21.3,21.4,21.2,21.4,22.5,23.6,24.8,25.7,26.6,26.9,25.3,24.6,23.7,23,22.3,22.2,22.1,21.2,20.9,20.5,8888,8888,8888,8888,277
0,30,10,5,2016,20.1,20.2,19.8,19.3,19.3,19.1,18.9,19.2,20,23.3,27.5,28.1,28.3,27.6,26.4,24.7,27.7,27.7,27.7,27.9,29.6,27,24.3,23.2,8888,8888,8888,8888,278
0,30,10,6,2016,22.2,21.5,19.5,19.5,19.7,20,20.6,20.9,21.4,23,23,24.3,23.3,23.7,24.4,24.4,23.2,22.2,21.2,20.2,19.9,19.7,19.2,18.8,8888,8888,8888,8888,279
0,30,10,7,2016,18.6,18.1,17.3,17.2,16.2,15.5,14.7,14.6,16.3,17.7,20.2,21.2,23,24.3,24.3,25.2,24.9,23.9,22.3,21.5,20.6,20.4,20.3,20.5,8888,8888,8888,8888,280
0,30,10,8,2016,20.4,21.1,21.9,23.5,23.8,23.9,24.4,24.3,24.7,26.3,24.2,24.4,26.2,27.1,27.6,27.1,26.6,26.2,24.4,24.6,24,24.6,24.2,23,8888,8888,8888,8888,281
0,30,10,9,2016,22.8,22.6,20.5,20.4,20.1,18.7,17.7,17.9,18.1,18.9,18.9,19.3,20.1,20.9,20.2,19.8,18.8,18.2,17.5,17.2,16.8,16.5,16.1,16.4,8888,8888,8888,8888,282
0,30,10,10,2016,16.4,16.1,15.8,15.9,14.9,13.6,14.5,14.1,15.4,17.6,17.9,19.9,20.4,19.1,20.1,19.4,18.6,18.2,17.4,16.9,16.6,16.5,16.2,16.1,8888,8888,8888,8888,283
0,30,10,11,2016,15.3,15.2,13.9,13.1,12.7,12.4,12,12.6,13.5,14.9,16.9,18,18.6,19.6,20.1,19.5,19.4,18.9,17.7,17.2,16.1,15.6,14.9,13.9,8888,8888,8888,8888,284
0,30,10,12,2016,13.3,13.2,12.7,12.6,12.2,12.4,11.8,11.9,13.2,15.2,17.2,20.1,20.3,19.9,19,19.3,18.5,17.7,17,16.3,15.9,15.2,14.6,14.1,8888,8888,8888,8888,285
0,30,10,13,2016,12.7,12,11.3,11,11.1,11,10.9,11.4,11.9,14,16.9,17.5,18.9,18.6,18.6,18.1,17.5,17,16.6,16.1,14.7,14,13.4,12.9,8888,8888,8888,8888,286
0,30,10,14,2016,12.3,11.7,11,10.8,10.4,10.3,10.5,10.4,11.2,12.6,15.2,17.1,20.4,21,21,20.2,19.8,18.8,17.4,15.4,14.5,14,13.5,12.6,8888,8888,8888,8888,287
0,30,10,15,2016,12.3,11.6,11.4,10.9,10.5,10,9.9,10.5,12.2,15.1,17.6,20.3,22.4,22.4,22.3,21.5,21.3,20.4,18.7,16.4,16,15.3,14.4,13.8,8888,8888,8888,8888,288
0,30,10,16,2016,13.3,12.6,12.5,11.9,11.7,11.3,11.3,11.5,14.2,17.2,20.7,23.9,25.3,25.8,25,24.3,23.8,23.1,21.8,22,22.3,22.5,21.8,22.2,8888,8888,8888,8888,289
0,30,10,17,2016,22.4,18.3,18.3,17.3,16.7,16.7,17.2,17.3,17.9,19.6,20.7,22.9,25.1,26.4,26,25.5,23.6,23.1,22.6,21.8,20.7,20.3,19.7,19.5,8888,8888,8888,8888,290
0,30,10,18,2016,19.6,19.4,19.2,19,18.9,19.1,18.8,18.9,19.5,20.6,22.5,23.7,24.5,25.2,25.3,24.1,22.8,22.1,21.2,20.8,20.8,19.9,19.8,20.1,8888,8888,8888,8888,291
0,30,10,19,2016,19.8,19.5,19,19.1,18.6,18.4,18,18.1,19.4,21,22.9,24,25.5,26.4,24,23.6,22.8,21.9,21.4,21.6,21,20.6,20.1,19.5,8888,8888,8888,8888,292
0,30,10,20,2016,19.7,19.4,19.5,19,19,18.7,18.2,18,19.5,21.2,23.6,23.9,23.2,22.4,23.1,23.1,20.8,19.1,18.5,18.5,17.9,17.1,16.6,15.9,8888,8888,8888,8888,293
0,30,10,21,2016,15.6,15.2,14.7,14.5,14.1,13.7,13.3,13.5,15,15.6,17.1,17.3,17.7,18.7,19.1,18.9,17.9,17.4,16.6,16,14.5,13.7,13.4,12.7,8888,8888,8888,8888,294
0,30,10,22,2016,12.5,11.8,11.5,11.4,10.9,10.7,10.5,11,12.3,14.1,16.8,18.6,18.9,19.1,19.3,19.8,18.4,17.8,17.8,17.3,16.8,16.8,16.6,16,8888,8888,8888,8888,295
0,30,10,23,2016,15.1,14.7,14.8,15.5,15.5,15.4,15.4,15.9,17.2,18.6,19.5,20.4,19.6,19.9,18.7,18,17.5,16.3,15.1,14.6,14,13.4,13.2,13.1,8888,8888,8888,8888,296
0,30,10,24,2016,13,12.8,12.4,12.1,11.9,11.5,10.8,9.7,11.5,15,16.8,17.5,18.4,18.7,18.2,17.8,16.9,15.9,15,13.5,11.6,10.9,10.3,9.7,8888,8888,8888,8888,297
0,30,10,25,2016,8.9,8.6,8.7,8.3,8.1,7.8,8.5,9,10.4,15,18.6,18,19.2,19.9,20.1,20.7,20.1,19.9,17.9,17.8,17.1,17.2,17.6,17.3,8888,8888,8888,8888,298
0,30,10,26,2016,17.1,17.2,17.3,17.3,17.4,17.5,17,17.5,18.7,20.3,21.7,23.1,23.3,23.9,24.9,23.1,22,20.3,18.4,17.4,17.6,17.5,17.6,17.4,8888,8888,8888,8888,299
0,30,10,27,2016,17,17,15.6,15.1,15.1,15.8,15.3,15.4,16.4,17.2,18.6,19.1,19.1,18.7,18.1,17.6,16.5,15.3,14.5,14,12.1,11.4,10.8,10.7,8888,8888,8888,8888,300
0,30,10,28,2016,10.2,9.9,10.3,10.2,10.5,10.7,10.7,10.8,11.5,12.4,13.5,14,14.5,14.2,13.4,12.9,13.3,13.6,14,13.9,13.9,14.3,14.5,14.6,8888,8888,8888,8888,301
0,30,10,29,2016,14.7,14.8,15.2,15.4,15.2,14.7,14.6,15,15.2,15.1,16.1,15.2,15.6,15,16.1,15.5,14.5,13.7,13,12.4,11.5,11.5,10.8,10.8,8888,8888,8888,8888,302
0,30,10,30,2016,9.2,9.4,8.6,8.2,7.5,7.2,7,7.2,7.6,10,12.4,14,15.6,15.2,16.7,16.9,15.4,14.7,12.8,11,10.4,10.2,9.2,8.6,8888,8888,8888,8888,303
0,30,10,31,2016,8.7,8.1,7.9,7.7,7.2,6.9,7,7.3,8.3,9.9,11.8,15.3,16.5,17.4,16.9,17.1,16.8,15.3,14.6,13.1,12.8,12.3,12.2,12.1,8888,8888,8888,8888,304
0,30,11,1,2017,7.7,7.3,6.7,6.6,6.3,6.1,5.9,5.8,8,11,13.9,17.7,18.9,20.7,21.6,20.8,20.1,16.3,13.9,12.8,11.8,10.9,9.7,9.5,8888,8888,8888,8888,305
0,30,11,2,2017,9,8.8,8.5,8.1,8.2,8,7.9,8.1,9.3,12.4,15.6,17.3,19.7,20.2,20.8,19.9,19,17.7,16.5,14.6,14.1,13.5,13.1,12.4,8888,8888,8888,8888,306
0,30,11,3,2017,12.1,11.5,11.2,10.6,10.3,9.8,9.5,9.5,11.4,13.6,16.2,18.8,20.6,21,21.1,20.6,20.3,18.6,17.4,15.8,15.5,15.3,15,15,8888,8888,8888,8888,307
0,30,11,4,2017,14.6,13.9,14.1,14.1,15.2,14.7,14.2,13.8,13.9,14.1,14.2,13.2,12,12.3,12.3,12.2,11.9,11.7,11.1,10.7,10.8,9.9,10.3,9.5,8888,8888,8888,8888,308
0,30,11,5,2017,9.5,9.5,9.1,9.3,9.2,8.9,8.4,8.1,8.4,9.5,12.3,14.7,15.9,16.1,15.4,15.2,14.2,13.1,11.1,9.7,9.5,8.7,8.3,7.9,8888,8888,8888,8888,309
0,30,11,6,2017,7,6.9,6.7,7.2,7.1,6.5,5.9,6.5,9.2,11.9,16.2,19.2,20.5,21.1,21.2,21.3,19.7,16.8,15.2,13.5,12.5,11.7,10.9,10.4,8888,8888,8888,8888,310
0,30,11,7,2017,10.7,9.5,9.2,9.5,9.3,8.9,8.4,9.3,12.2,15,18,20.2,21.8,22.9,22.7,21.9,21,19.7,17.7,16.7,15.5,14.8,15,14.4,8888,8888,8888,8888,311
0,30,11,8,2017,14.7,14.8,15.2,14.6,14.3,14.2,14.5,14.3,14.6,14.9,15.5,16.3,17.9,18.7,19.8,19.8,19.2,18.7,17.9,17.6,16.9,16.4,16.9,17.2,8888,8888,8888,8888,312
0,30,11,9,2017,16.6,14.8,12.6,13.5,12.6,12.2,13.4,12.8,14.6,14.9,14.5,14.5,16.4,15.3,15.1,15,14.1,12.9,12.4,12,10.7,9.6,8.7,7.9,8888,8888,8888,8888,313
0,30,11,10,2017,7.6,7.3,6.4,6.3,6.2,5.6,5.5,5.7,7.6,9,11.8,14.9,17.9,19.7,21.4,20.9,19.5,17.9,16.5,15.2,14.6,14.3,14.3,16.3,8888,8888,8888,8888,314
0,30,11,11,2017,17.8,16.2,15.2,14.8,14.2,13.8,12.7,12.8,13.2,13.2,14.3,13.2,14.8,13.9,13.1,12.2,11.8,11.2,10.2,11,11.5,11.1,10.4,10,8888,8888,8888,8888,315
0,30,11,12,2017,10,9.4,9.1,8.4,8,7.9,7.8,7.6,9.3,10.9,12.6,13.3,14.6,14.8,14.5,14.3,13,12,10.9,9.1,8.3,7.5,7.1,6.7,8888,8888,8888,8888,316
0,30,11,13,2017,6.2,5.9,5.5,5.1,5.3,4.1,4.3,4.1,5.7,8.9,11.1,14.8,16.5,19.2,19.5,19,17.8,16.4,15.5,14.3,13.4,11.9,11.8,10.8,8888,8888,8888,8888,317
0,30,11,14,2017,11.2,11.1,11.5,11.3,11.1,11.3,11.1,11.5,11.5,12.2,12.2,12.3,13,13,13.2,13.2,13.6,13,12.3,12.1,11,11.3,11.1,10.5,8888,8888,8888,8888,318
0,30,11,15,2017,10.4,10.3,10.2,10.3,10.4,10.1,10.2,10,10.6,11.1,11.5,12.3,13.2,12.9,10.9,10.7,10.5,10.2,9.9,9.7,9.6,8.7,8.6,8.4,8888,8888,8888,8888,319
0,30,11,16,2017,7.9,7.7,7.5,7.8,8.1,7.2,7.8,7.3,7.7,7.2,6.4,7,6.9,7.8,7.3,7.4,7.5,6.8,6.7,6.1,6.5,6.4,6.5,6.4,8888,8888,8888,8888,320
0,30,11,17,2017,6,6.1,5.9,5.7,5.4,5.5,5.3,5.9,6.2,7.6,8.9,9.3,11.3,12.2,11.8,12.1,11.6,10.6,9.1,9,9,8.1,7.8,8.4,8888,8888,8888,8888,321
0,30,11,18,2017,8.8,8.7,9.1,9.7,8.7,8.1,8.6,8.5,9.2,9.2,9.6,10.2,10.6,11,10.9,10.3,9.5,8.9,8.2,7.3,6.7,5.8,5.3,5.8,8888,8888,8888,8888,322
0,30,11,19,2017,5.8,5.6,5.6,5.5,4.9,4.8,4.5,3.9,4.5,4,5.2,5.2,5.5,6,7.1,7.3,6.7,6,6.1,5.6,4.6,5.1,4.6,4,8888,8888,8888,8888,323
0,30,11,20,2017,3.9,3.6,4,3.9,3.9,4.1,4.1,4.1,4.5,4.9,5.2,5.6,5.8,6.5,6.8,6.6,6.8,6.9,6,6.6,8.2,7.3,7.8,6.3,8888,8888,8888,8888,324
0,30,11,21,2017,5.9,3.9,3.4,3.6,3.6,3.8,3.7,3.5,4.9,5.4,7.5,8.5,9.4,10.2,11,10.4,9.1,8.5,6.3,5,4.3,3.9,3.2,2.8,8888,8888,8888,8888,325
0,30,11,22,2017,2.3,2,1.6,1.8,1.3,1.2,1.4,1.8,3.2,7.6,11.9,13.2,13.7,14.2,14,13.9,12.9,10.7,10.2,9.7,9.8,9.7,9.8,9.8,8888,8888,8888,8888,326
0,30,11,23,2017,9.6,9.5,9.5,9.3,9.2,9.4,9.5,9.6,9.5,9.7,11,12,11.8,10.9,10.7,10.3,8.3,8.9,9,8.5,6.9,7.1,5.1,5.4,8888,8888,8888,8888,327
0,30,11,24,2017,5,5.1,5.3,4.7,5.3,5.2,5.2,4.9,4.6,5.2,4.1,5.6,5.1,5.1,4.9,3.6,4.1,4.3,4,4.1,3.8,4.2,4.8,4.3,8888,8888,8888,8888,328
0,30,11,25,2017,5.3,4.9,4.8,4.9,5.5,4.8,4.6,5.1,5,6.1,8.2,8.1,8,8,7.3,7.6,7,6.1,5.7,4.9,4.5,4.2,4.3,3.6,8888,8888,8888,8888,329
0,30,11,26,2017,3.4,3.1,3.2,3.1,3.7,4.2,4,3.7,4.6,6.9,9.4,9.6,10.3,10.2,10.1,9.7,9.4,8.8,8.6,8.2,8.5,8.6,8.3,8,8888,8888,8888,8888,330
0,30,11,27,2017,7.9,7.3,6.9,6.9,6.8,5.4,4.7,4.2,4.2,5.8,7.6,10.5,11.6,12.3,12.6,12.7,11.9,10,8.4,7.3,7.1,6.6,5.6,5.3,8888,8888,8888,8888,331
0,30,11,28,2017,4.7,4.5,3.9,3.4,3.9,2.9,2.7,3.4,4.2,6.6,10.8,14,16.4,17.8,18.2,18.1,17.1,14,11.2,11.7,10.3,9.4,8.6,8.2,8888,8888,8888,8888,332
0,30,11,29,2017,8.2,9.3,8.6,9.1,9.3,10.2,10.3,10.5,10,10,10.5,10.7,10.8,11.8,14.1,13.9,13.2,12,11,10.5,10.4,10.2,10.3,11.5,8888,8888,8888,8888,333
0,30,11,30,2017,11.2,10.6,10.1,9.8,9.5,9.2,9,8.8,9.1,9.3,9.5,9.6,10,10.4,10.7,10.2,10.1,10,9.8,9.7,9.5,9.5,9.6,9.3,8888,8888,8888,8888,334
0,30,12,1,2012,7.6,7.4,7.1,7,6.7,6.8,7.6,7.9,7.2,6.3,5.5,6.4,6,5.8,3.8,3.2,3.5,3.7,3.6,3.7,4,3.9,3.5,3.8,8888,8888,8888,8888,335
0,30,12,2,2012,3.5,3.7,3.7,3.3,3.3,3,2,1.1,1.7,3.3,4.7,5.5,5.7,6.1,6,5.9,5.9,5.6,5.6,5.3,4.7,3,2.7,2.1,8888,8888,8888,8888,336
0,30,12,3,2012,1.5,0.9,0.7,0.4,-0.3,-0.6,-0.8,-0.1,0.2,2.4,4.6,8.1,10.3,11.6,13.2,13,11.4,10.6,10.1,8.5,10,11.5,9.7,8.7,8888,8888,8888,8888,337
0,30,12,4,2012,8.4,8.2,8.8,9.5,9.4,9.7,9.9,9,8.9,9.4,8.6,9.2,9.3,10,9.1,6.6,6.5,5.1,5.3,5,4.7,4.8,4.8,5.3,8888,8888,8888,8888,338
0,30,12,5,2012,5.2,4.7,4.4,4.4,4.5,4.4,4.5,5.7,4.9,4.7,5.2,6,5.8,5.6,5.7,5.6,4.9,4.6,4.6,4.3,3.9,2.9,2.4,2.7,8888,8888,8888,8888,339
0,30,12,6,2012,5.5,7.1,8.9,10.4,8.8,7.3,7.2,6.3,4.3,3.9,3.6,3.8,4,3.7,2.6,2.7,3.5,2.7,3.3,2.5,2.4,2.1,2.3,2.3,8888,8888,8888,8888,340
0,30,12,7,2012,1.8,1.7,1.4,1.5,1.4,1.2,1,1.8,2.5,3.8,1.9,3.5,2.7,3.1,3,3.7,3.7,3.2,3.3,2.7,2.7,2.5,2.4,2.7,8888,8888,8888,8888,341
0,30,12,8,2012,3.4,3.6,3.7,6.4,7.5,8.4,9,6.4,5.9,6.1,6.3,6.8,7,6.1,3.5,4.7,2.6,0.8,0.8,1.8,2.6,1.9,1,0.7,8888,8888,8888,8888,342
0,30,12,9,2012,0.7,0.4,0.1,0.5,0.3,0.4,0.7,1.9,3.6,3.7,2.9,1.8,3.7,3.6,4.2,2.6,3.8,1.2,0.8,0.7,0.7,0.4,1.1,0.5,8888,8888,8888,8888,343
0,30,12,10,2012,0.6,0.5,1.8,0.8,2.1,3,3.3,3.9,3.8,4,4.3,4.4,3.8,5.2,3.3,4.4,5,4.7,2.2,1.4,1.7,1.6,1.6,1.4,8888,8888,8888,8888,344
0,30,12,11,2012,1.6,1.6,2,1.1,0.8,0.5,0.7,0.7,1,2.2,2.4,2.9,3.2,4.5,3.6,2.6,1.4,1.3,1.6,1.5,1.5,1.3,1.4,0.9,8888,8888,8888,8888,345
0,30,12,12,2012,1.2,1,1,0.8,0.8,0.9,0.9,1,1.2,1.4,2.3,2.4,2.9,2.9,2.8,3.2,3.2,2.8,2.2,2,2,1.6,1.4,1.2,8888,8888,8888,8888,346
0,30,12,13,2012,1.1,0.9,0.9,0.9,0.9,1.2,1.2,1.1,1.5,2.3,3.7,4.9,6,7.3,8.1,8.2,7.6,4.8,3.2,2.4,2,1.2,1.2,0.4,8888,8888,8888,8888,347
0,30,12,14,2012,0,-0.2,0.2,-0.9,-1.3,-0.5,-1.1,-0.8,-0.9,1.7,3.5,5.2,6.9,9.2,9.9,9.5,8.9,7.1,6.9,6.2,6.2,5.8,5.9,5.6,8888,8888,8888,8888,348
0,30,12,15,2012,7,7.6,8,8.4,8,8.9,8.8,8.4,10,11,10.5,11.3,10.7,10.6,10.5,10.6,10,9,8.9,8.7,8.4,8.4,8.5,8.7,8888,8888,8888,8888,349
0,30,12,16,2012,8.1,7.8,7.8,7.6,7.4,7.6,9.7,10.3,9.7,9.9,11.5,11.7,11.6,11.8,10.8,10.4,10.2,9.7,9.4,9.1,8.7,7.8,4.8,4,8888,8888,8888,8888,350
0,30,12,17,2012,3.1,2.5,2.4,2.1,1.5,1.1,0.8,1,0.9,2.3,4.9,5.9,9.7,12.3,12.8,11.3,10.8,10.8,9.9,9.6,9.5,8.9,8.5,8.5,8888,8888,8888,8888,351
0,30,12,18,2012,8.4,8.5,8.3,8.4,8.2,7.6,8,8,7.6,6.6,6.3,6.4,6.4,6,5.7,4.8,4.5,3,3.3,2.3,2,1.8,1.4,1.7,8888,8888,8888,8888,352
0,30,12,19,2012,1.7,1.5,0.9,1.2,1.5,1.3,1.5,1.7,1.9,2,2.8,3.3,3.4,4.2,4.1,3.8,3.5,3.3,2.4,2.3,0.7,0.6,0.6,0.4,8888,8888,8888,8888,353
0,30,12,20,2012,0.3,0.3,0.2,0.1,0.2,0.3,0,-0.4,0,0.7,1.4,1.8,2.5,4.3,5,3.9,4.1,3.4,3.7,3.5,3.9,3.7,3.3,3.2,8888,8888,8888,8888,354
0,30,12,21,2012,2.6,2.9,3,2.3,1.8,1.3,1.4,1.2,1.1,1.5,2.1,3.9,4,5.5,6.1,6.4,6.1,5.4,5.1,5.1,4.8,4.4,4.7,4.7,8888,8888,8888,8888,355
0,30,12,22,2012,4.7,4.8,5.3,6.4,7.2,5.7,5.5,5.4,5.4,5.6,6,6.5,6.8,7.2,7.7,10,9.5,8.8,8.5,7.8,7.5,6.9,6.4,5.5,8888,8888,8888,8888,356
0,30,12,23,2012,5.7,5.5,5.3,4.8,4.8,3.5,3.5,2.5,2.5,3.8,5.5,7.7,8.6,7.8,7,7,5.7,5.4,5.1,4.5,3.5,2.7,1.5,2.4,8888,8888,8888,8888,357
0,30,12,24,2012,3.1,2.8,2.5,0.6,0.3,-0.2,-0.2,0,0.5,0.2,0.3,0.7,0.4,1.2,1.4,1.5,0.6,0.3,0.2,0.1,-0.2,-0.6,-0.4,-0.4,8888,8888,8888,8888,358
0,30,12,25,2012,-0.5,-0.1,-0.2,-1.3,0.7,0.1,-0.4,-0.8,0.7,1.7,2.5,1.9,0.9,0.8,1.1,1.4,1.7,3.3,2.7,3.5,3.1,2.8,2.7,4.6,8888,8888,8888,8888,359
0,30,12,26,2012,3.2,2.7,2.9,3.1,1.3,0.6,0.7,1.1,0.9,0.3,1,1.2,1.3,0.5,0.9,0.3,0.1,0.1,0,-0.6,-0.9,-0.9,-1.3,-1.5,8888,8888,8888,8888,360
0,30,12,27,2012,-1.7,-1.9,-1.9,-2.6,-2.8,-3.6,-3.3,-3,-3.2,-2,-0.7,0.6,2.3,3,3.3,4,3.2,3,2.9,2.5,2.1,1.3,1,1.1,8888,8888,8888,8888,361
0,30,12,28,2012,1.1,1,0.3,0.2,0.1,0,0.3,0.2,0.5,1.2,1.6,2.7,2.7,3.1,3.3,3.6,3.7,4.1,3.7,3.6,3.7,3.6,3.5,3.5,8888,8888,8888,8888,362
0,30,12,29,2012,3.6,3.6,3.4,3.5,3.3,2.8,2,2.1,2.9,4.6,5.7,6.7,7.6,8.7,9.4,10,10.1,9.5,7.6,7.7,6.4,6.1,5.5,6.4,8888,8888,8888,8888,363
0,30,12,30,2012,6.1,8.9,8.7,8.3,7.9,8.1,8.7,8.9,8.9,9.6,8.7,9.3,9.8,9.5,9.5,9.3,8.2,7.9,7.9,7.6,7.6,7.5,7.8,7.5,8888,8888,8888,8888,364
0,30,12,31,2012,6.8,5.9,6.1,6.4,3.5,3.7,5.1,3.1,2.5,2.7,3.5,1.9,1.2,2.1,1.2,2.6,1.9,2.3,1.9,1.6,1,0.8,0.7,0.8,8888,8888,8888,8888,365
